Product Id,Product Handle,Product Title,Product Subtitle,Product Description,Product Status,Product Thumbnail,Product Weight,Product Length,Product Width,Product Height,Product HS Code,Product Origin Country,Product MID Code,Product Material,Product Collection Id,Product Type Id,Product Tag 1,Product Tag 2,Product Discountable,Product External Id,Variant Id,Variant Title,Variant SKU,Variant Barcode,Variant Allow Backorder,Variant Manage Inventory,Variant Weight,Variant Length,Variant Width,Variant Height,Variant HS Code,Variant Origin Country,Variant MID Code,Variant Material,Variant Price EUR,Variant Price USD,Variant Option 1 Name,Variant Option 1 Value,Variant Option 2 Name,Variant Option 2 Value,Product Image 1 Url,Product Image 2 Url
,suit-burgundy,Burgundy Suit,Premium Burgundy Suit - Bold & Sophisticated,"Make a statement with our rich burgundy suit. Perfect for special events, cocktail parties, and occasions where you want to stand out with sophisticated style.",published,https://kct-menswear.com/images/suits/suit-burgundy-front.jpg,1500,,,,6203.39.10,USA,,Premium Wool Blend,event-suits,suits,Burgundy,2-Piece,TRUE,,,Burgundy Suit 38R 2-Piece,KCT-BURGUNDY-38R-2P,,FALSE,TRUE,1500,,,,,,,Premium Wool Blend,165.59,179.99,Size,38R,Type,2-Piece,https://kct-menswear.com/images/suits/suit-burgundy-front.jpg,https://kct-menswear.com/images/suits/suit-burgundy-back.jpg
,suit-burgundy,Burgundy Suit,Premium Burgundy Suit - Bold & Sophisticated,"Make a statement with our rich burgundy suit. Perfect for special events, cocktail parties, and occasions where you want to stand out with sophisticated style.",published,https://kct-menswear.com/images/suits/suit-burgundy-front.jpg,1600,,,,6203.39.10,USA,,Premium Wool Blend,event-suits,suits,Burgundy,3-Piece,TRUE,,,Burgundy Suit 38R 3-Piece,KCT-BURGUNDY-38R-3P,,FALSE,TRUE,1600,,,,,,,Premium Wool Blend,183.99,199.99,Size,38R,Type,3-Piece,https://kct-menswear.com/images/suits/suit-burgundy-front.jpg,https://kct-menswear.com/images/suits/suit-burgundy-back.jpg
,suit-burgundy,Burgundy Suit,Premium Burgundy Suit - Bold & Sophisticated,"Make a statement with our rich burgundy suit. Perfect for special events, cocktail parties, and occasions where you want to stand out with sophisticated style.",published,https://kct-menswear.com/images/suits/suit-burgundy-front.jpg,1500,,,,6203.39.10,USA,,Premium Wool Blend,event-suits,suits,Burgundy,2-Piece,TRUE,,,Burgundy Suit 40R 2-Piece,KCT-BURGUNDY-40R-2P,,FALSE,TRUE,1500,,,,,,,Premium Wool Blend,165.59,179.99,Size,40R,Type,2-Piece,https://kct-menswear.com/images/suits/suit-burgundy-front.jpg,https://kct-menswear.com/images/suits/suit-burgundy-back.jpg
,suit-burgundy,Burgundy Suit,Premium Burgundy Suit - Bold & Sophisticated,"Make a statement with our rich burgundy suit. Perfect for special events, cocktail parties, and occasions where you want to stand out with sophisticated style.",published,https://kct-menswear.com/images/suits/suit-burgundy-front.jpg,1600,,,,6203.39.10,USA,,Premium Wool Blend,event-suits,suits,Burgundy,3-Piece,TRUE,,,Burgundy Suit 40R 3-Piece,KCT-BURGUNDY-40R-3P,,FALSE,TRUE,1600,,,,,,,Premium Wool Blend,183.99,199.99,Size,40R,Type,3-Piece,https://kct-menswear.com/images/suits/suit-burgundy-front.jpg,https://kct-menswear.com/images/suits/suit-burgundy-back.jpg
,suit-burgundy,Burgundy Suit,Premium Burgundy Suit - Bold & Sophisticated,"Make a statement with our rich burgundy suit. Perfect for special events, cocktail parties, and occasions where you want to stand out with sophisticated style.",published,https://kct-menswear.com/images/suits/suit-burgundy-front.jpg,1500,,,,6203.39.10,USA,,Premium Wool Blend,event-suits,suits,Burgundy,2-Piece,TRUE,,,Burgundy Suit 42R 2-Piece,KCT-BURGUNDY-42R-2P,,FALSE,TRUE,1500,,,,,,,Premium Wool Blend,165.59,179.99,Size,42R,Type,2-Piece,https://kct-menswear.com/images/suits/suit-burgundy-front.jpg,https://kct-menswear.com/images/suits/suit-burgundy-back.jpg
,suit-burgundy,Burgundy Suit,Premium Burgundy Suit - Bold & Sophisticated,"Make a statement with our rich burgundy suit. Perfect for special events, cocktail parties, and occasions where you want to stand out with sophisticated style.",published,https://kct-menswear.com/images/suits/suit-burgundy-front.jpg,1600,,,,6203.39.10,USA,,Premium Wool Blend,event-suits,suits,Burgundy,3-Piece,TRUE,,,Burgundy Suit 42R 3-Piece,KCT-BURGUNDY-42R-3P,,FALSE,TRUE,1600,,,,,,,Premium Wool Blend,183.99,199.99,Size,42R,Type,3-Piece,https://kct-menswear.com/images/suits/suit-burgundy-front.jpg,https://kct-menswear.com/images/suits/suit-burgundy-back.jpg
,suit-burgundy,Burgundy Suit,Premium Burgundy Suit - Bold & Sophisticated,"Make a statement with our rich burgundy suit. Perfect for special events, cocktail parties, and occasions where you want to stand out with sophisticated style.",published,https://kct-menswear.com/images/suits/suit-burgundy-front.jpg,1500,,,,6203.39.10,USA,,Premium Wool Blend,event-suits,suits,Burgundy,2-Piece,TRUE,,,Burgundy Suit 44R 2-Piece,KCT-BURGUNDY-44R-2P,,FALSE,TRUE,1500,,,,,,,Premium Wool Blend,165.59,179.99,Size,44R,Type,2-Piece,https://kct-menswear.com/images/suits/suit-burgundy-front.jpg,https://kct-menswear.com/images/suits/suit-burgundy-back.jpg
,suit-burgundy,Burgundy Suit,Premium Burgundy Suit - Bold & Sophisticated,"Make a statement with our rich burgundy suit. Perfect for special events, cocktail parties, and occasions where you want to stand out with sophisticated style.",published,https://kct-menswear.com/images/suits/suit-burgundy-front.jpg,1600,,,,6203.39.10,USA,,Premium Wool Blend,event-suits,suits,Burgundy,3-Piece,TRUE,,,Burgundy Suit 44R 3-Piece,KCT-BURGUNDY-44R-3P,,FALSE,TRUE,1600,,,,,,,Premium Wool Blend,183.99,199.99,Size,44R,Type,3-Piece,https://kct-menswear.com/images/suits/suit-burgundy-front.jpg,https://kct-menswear.com/images/suits/suit-burgundy-back.jpg
,suit-burgundy,Burgundy Suit,Premium Burgundy Suit - Bold & Sophisticated,"Make a statement with our rich burgundy suit. Perfect for special events, cocktail parties, and occasions where you want to stand out with sophisticated style.",published,https://kct-menswear.com/images/suits/suit-burgundy-front.jpg,1500,,,,6203.39.10,USA,,Premium Wool Blend,event-suits,suits,Burgundy,2-Piece,TRUE,,,Burgundy Suit 46R 2-Piece,KCT-BURGUNDY-46R-2P,,FALSE,TRUE,1500,,,,,,,Premium Wool Blend,165.59,179.99,Size,46R,Type,2-Piece,https://kct-menswear.com/images/suits/suit-burgundy-front.jpg,https://kct-menswear.com/images/suits/suit-burgundy-back.jpg
,suit-burgundy,Burgundy Suit,Premium Burgundy Suit - Bold & Sophisticated,"Make a statement with our rich burgundy suit. Perfect for special events, cocktail parties, and occasions where you want to stand out with sophisticated style.",published,https://kct-menswear.com/images/suits/suit-burgundy-front.jpg,1600,,,,6203.39.10,USA,,Premium Wool Blend,event-suits,suits,Burgundy,3-Piece,TRUE,,,Burgundy Suit 46R 3-Piece,KCT-BURGUNDY-46R-3P,,FALSE,TRUE,1600,,,,,,,Premium Wool Blend,183.99,199.99,Size,46R,Type,3-Piece,https://kct-menswear.com/images/suits/suit-burgundy-front.jpg,https://kct-menswear.com/images/suits/suit-burgundy-back.jpg
,suit-emerald,Emerald Suit,Premium Emerald Green Suit - Unique & Elegant,"Stand out with our stunning emerald green suit. Perfect for creative events, galas, and making a memorable impression at special occasions.",published,https://kct-menswear.com/images/suits/suit-emerald-front.jpg,1500,,,,6203.39.10,USA,,Premium Wool Blend,event-suits,suits,Emerald,2-Piece,TRUE,,,Emerald Suit 38R 2-Piece,KCT-EMERALD-38R-2P,,FALSE,TRUE,1500,,,,,,,Premium Wool Blend,165.59,179.99,Size,38R,Type,2-Piece,https://kct-menswear.com/images/suits/suit-emerald-front.jpg,https://kct-menswear.com/images/suits/suit-emerald-back.jpg
,suit-emerald,Emerald Suit,Premium Emerald Green Suit - Unique & Elegant,"Stand out with our stunning emerald green suit. Perfect for creative events, galas, and making a memorable impression at special occasions.",published,https://kct-menswear.com/images/suits/suit-emerald-front.jpg,1600,,,,6203.39.10,USA,,Premium Wool Blend,event-suits,suits,Emerald,3-Piece,TRUE,,,Emerald Suit 38R 3-Piece,KCT-EMERALD-38R-3P,,FALSE,TRUE,1600,,,,,,,Premium Wool Blend,183.99,199.99,Size,38R,Type,3-Piece,https://kct-menswear.com/images/suits/suit-emerald-front.jpg,https://kct-menswear.com/images/suits/suit-emerald-back.jpg
,suit-emerald,Emerald Suit,Premium Emerald Green Suit - Unique & Elegant,"Stand out with our stunning emerald green suit. Perfect for creative events, galas, and making a memorable impression at special occasions.",published,https://kct-menswear.com/images/suits/suit-emerald-front.jpg,1500,,,,6203.39.10,USA,,Premium Wool Blend,event-suits,suits,Emerald,2-Piece,TRUE,,,Emerald Suit 40R 2-Piece,KCT-EMERALD-40R-2P,,FALSE,TRUE,1500,,,,,,,Premium Wool Blend,165.59,179.99,Size,40R,Type,2-Piece,https://kct-menswear.com/images/suits/suit-emerald-front.jpg,https://kct-menswear.com/images/suits/suit-emerald-back.jpg
,suit-emerald,Emerald Suit,Premium Emerald Green Suit - Unique & Elegant,"Stand out with our stunning emerald green suit. Perfect for creative events, galas, and making a memorable impression at special occasions.",published,https://kct-menswear.com/images/suits/suit-emerald-front.jpg,1600,,,,6203.39.10,USA,,Premium Wool Blend,event-suits,suits,Emerald,3-Piece,TRUE,,,Emerald Suit 40R 3-Piece,KCT-EMERALD-40R-3P,,FALSE,TRUE,1600,,,,,,,Premium Wool Blend,183.99,199.99,Size,40R,Type,3-Piece,https://kct-menswear.com/images/suits/suit-emerald-front.jpg,https://kct-menswear.com/images/suits/suit-emerald-back.jpg
,suit-emerald,Emerald Suit,Premium Emerald Green Suit - Unique & Elegant,"Stand out with our stunning emerald green suit. Perfect for creative events, galas, and making a memorable impression at special occasions.",published,https://kct-menswear.com/images/suits/suit-emerald-front.jpg,1500,,,,6203.39.10,USA,,Premium Wool Blend,event-suits,suits,Emerald,2-Piece,TRUE,,,Emerald Suit 42R 2-Piece,KCT-EMERALD-42R-2P,,FALSE,TRUE,1500,,,,,,,Premium Wool Blend,165.59,179.99,Size,42R,Type,2-Piece,https://kct-menswear.com/images/suits/suit-emerald-front.jpg,https://kct-menswear.com/images/suits/suit-emerald-back.jpg
,suit-emerald,Emerald Suit,Premium Emerald Green Suit - Unique & Elegant,"Stand out with our stunning emerald green suit. Perfect for creative events, galas, and making a memorable impression at special occasions.",published,https://kct-menswear.com/images/suits/suit-emerald-front.jpg,1600,,,,6203.39.10,USA,,Premium Wool Blend,event-suits,suits,Emerald,3-Piece,TRUE,,,Emerald Suit 42R 3-Piece,KCT-EMERALD-42R-3P,,FALSE,TRUE,1600,,,,,,,Premium Wool Blend,183.99,199.99,Size,42R,Type,3-Piece,https://kct-menswear.com/images/suits/suit-emerald-front.jpg,https://kct-menswear.com/images/suits/suit-emerald-back.jpg
,suit-emerald,Emerald Suit,Premium Emerald Green Suit - Unique & Elegant,"Stand out with our stunning emerald green suit. Perfect for creative events, galas, and making a memorable impression at special occasions.",published,https://kct-menswear.com/images/suits/suit-emerald-front.jpg,1500,,,,6203.39.10,USA,,Premium Wool Blend,event-suits,suits,Emerald,2-Piece,TRUE,,,Emerald Suit 44R 2-Piece,KCT-EMERALD-44R-2P,,FALSE,TRUE,1500,,,,,,,Premium Wool Blend,165.59,179.99,Size,44R,Type,2-Piece,https://kct-menswear.com/images/suits/suit-emerald-front.jpg,https://kct-menswear.com/images/suits/suit-emerald-back.jpg
,suit-emerald,Emerald Suit,Premium Emerald Green Suit - Unique & Elegant,"Stand out with our stunning emerald green suit. Perfect for creative events, galas, and making a memorable impression at special occasions.",published,https://kct-menswear.com/images/suits/suit-emerald-front.jpg,1600,,,,6203.39.10,USA,,Premium Wool Blend,event-suits,suits,Emerald,3-Piece,TRUE,,,Emerald Suit 44R 3-Piece,KCT-EMERALD-44R-3P,,FALSE,TRUE,1600,,,,,,,Premium Wool Blend,183.99,199.99,Size,44R,Type,3-Piece,https://kct-menswear.com/images/suits/suit-emerald-front.jpg,https://kct-menswear.com/images/suits/suit-emerald-back.jpg
,suit-emerald,Emerald Suit,Premium Emerald Green Suit - Unique & Elegant,"Stand out with our stunning emerald green suit. Perfect for creative events, galas, and making a memorable impression at special occasions.",published,https://kct-menswear.com/images/suits/suit-emerald-front.jpg,1500,,,,6203.39.10,USA,,Premium Wool Blend,event-suits,suits,Emerald,2-Piece,TRUE,,,Emerald Suit 46R 2-Piece,KCT-EMERALD-46R-2P,,FALSE,TRUE,1500,,,,,,,Premium Wool Blend,165.59,179.99,Size,46R,Type,2-Piece,https://kct-menswear.com/images/suits/suit-emerald-front.jpg,https://kct-menswear.com/images/suits/suit-emerald-back.jpg
,suit-emerald,Emerald Suit,Premium Emerald Green Suit - Unique & Elegant,"Stand out with our stunning emerald green suit. Perfect for creative events, galas, and making a memorable impression at special occasions.",published,https://kct-menswear.com/images/suits/suit-emerald-front.jpg,1600,,,,6203.39.10,USA,,Premium Wool Blend,event-suits,suits,Emerald,3-Piece,TRUE,,,Emerald Suit 46R 3-Piece,KCT-EMERALD-46R-3P,,FALSE,TRUE,1600,,,,,,,Premium Wool Blend,183.99,199.99,Size,46R,Type,3-Piece,https://kct-menswear.com/images/suits/suit-emerald-front.jpg,https://kct-menswear.com/images/suits/suit-emerald-back.jpg
,suit-hunter-green,Hunter Green Suit,Premium Hunter Green Suit - Classic Deep Green,"Sophisticated hunter green suit offering a perfect balance between bold and professional. Ideal for fall events and evening occasions.",published,https://kct-menswear.com/images/suits/suit-hunter-green-front.jpg,1500,,,,6203.39.10,USA,,Premium Wool Blend,event-suits,suits,Hunter Green,2-Piece,TRUE,,,Hunter Green Suit 38R 2-Piece,KCT-HUNTER-GREEN-38R-2P,,FALSE,TRUE,1500,,,,,,,Premium Wool Blend,165.59,179.99,Size,38R,Type,2-Piece,https://kct-menswear.com/images/suits/suit-hunter-green-front.jpg,https://kct-menswear.com/images/suits/suit-hunter-green-back.jpg
,suit-hunter-green,Hunter Green Suit,Premium Hunter Green Suit - Classic Deep Green,"Sophisticated hunter green suit offering a perfect balance between bold and professional. Ideal for fall events and evening occasions.",published,https://kct-menswear.com/images/suits/suit-hunter-green-front.jpg,1600,,,,6203.39.10,USA,,Premium Wool Blend,event-suits,suits,Hunter Green,3-Piece,TRUE,,,Hunter Green Suit 38R 3-Piece,KCT-HUNTER-GREEN-38R-3P,,FALSE,TRUE,1600,,,,,,,Premium Wool Blend,183.99,199.99,Size,38R,Type,3-Piece,https://kct-menswear.com/images/suits/suit-hunter-green-front.jpg,https://kct-menswear.com/images/suits/suit-hunter-green-back.jpg
,suit-hunter-green,Hunter Green Suit,Premium Hunter Green Suit - Classic Deep Green,"Sophisticated hunter green suit offering a perfect balance between bold and professional. Ideal for fall events and evening occasions.",published,https://kct-menswear.com/images/suits/suit-hunter-green-front.jpg,1500,,,,6203.39.10,USA,,Premium Wool Blend,event-suits,suits,Hunter Green,2-Piece,TRUE,,,Hunter Green Suit 40R 2-Piece,KCT-HUNTER-GREEN-40R-2P,,FALSE,TRUE,1500,,,,,,,Premium Wool Blend,165.59,179.99,Size,40R,Type,2-Piece,https://kct-menswear.com/images/suits/suit-hunter-green-front.jpg,https://kct-menswear.com/images/suits/suit-hunter-green-back.jpg
,suit-hunter-green,Hunter Green Suit,Premium Hunter Green Suit - Classic Deep Green,"Sophisticated hunter green suit offering a perfect balance between bold and professional. Ideal for fall events and evening occasions.",published,https://kct-menswear.com/images/suits/suit-hunter-green-front.jpg,1600,,,,6203.39.10,USA,,Premium Wool Blend,event-suits,suits,Hunter Green,3-Piece,TRUE,,,Hunter Green Suit 40R 3-Piece,KCT-HUNTER-GREEN-40R-3P,,FALSE,TRUE,1600,,,,,,,Premium Wool Blend,183.99,199.99,Size,40R,Type,3-Piece,https://kct-menswear.com/images/suits/suit-hunter-green-front.jpg,https://kct-menswear.com/images/suits/suit-hunter-green-back.jpg
,suit-hunter-green,Hunter Green Suit,Premium Hunter Green Suit - Classic Deep Green,"Sophisticated hunter green suit offering a perfect balance between bold and professional. Ideal for fall events and evening occasions.",published,https://kct-menswear.com/images/suits/suit-hunter-green-front.jpg,1500,,,,6203.39.10,USA,,Premium Wool Blend,event-suits,suits,Hunter Green,2-Piece,TRUE,,,Hunter Green Suit 42R 2-Piece,KCT-HUNTER-GREEN-42R-2P,,FALSE,TRUE,1500,,,,,,,Premium Wool Blend,165.59,179.99,Size,42R,Type,2-Piece,https://kct-menswear.com/images/suits/suit-hunter-green-front.jpg,https://kct-menswear.com/images/suits/suit-hunter-green-back.jpg
,suit-hunter-green,Hunter Green Suit,Premium Hunter Green Suit - Classic Deep Green,"Sophisticated hunter green suit offering a perfect balance between bold and professional. Ideal for fall events and evening occasions.",published,https://kct-menswear.com/images/suits/suit-hunter-green-front.jpg,1600,,,,6203.39.10,USA,,Premium Wool Blend,event-suits,suits,Hunter Green,3-Piece,TRUE,,,Hunter Green Suit 42R 3-Piece,KCT-HUNTER-GREEN-42R-3P,,FALSE,TRUE,1600,,,,,,,Premium Wool Blend,183.99,199.99,Size,42R,Type,3-Piece,https://kct-menswear.com/images/suits/suit-hunter-green-front.jpg,https://kct-menswear.com/images/suits/suit-hunter-green-back.jpg
,suit-hunter-green,Hunter Green Suit,Premium Hunter Green Suit - Classic Deep Green,"Sophisticated hunter green suit offering a perfect balance between bold and professional. Ideal for fall events and evening occasions.",published,https://kct-menswear.com/images/suits/suit-hunter-green-front.jpg,1500,,,,6203.39.10,USA,,Premium Wool Blend,event-suits,suits,Hunter Green,2-Piece,TRUE,,,Hunter Green Suit 44R 2-Piece,KCT-HUNTER-GREEN-44R-2P,,FALSE,TRUE,1500,,,,,,,Premium Wool Blend,165.59,179.99,Size,44R,Type,2-Piece,https://kct-menswear.com/images/suits/suit-hunter-green-front.jpg,https://kct-menswear.com/images/suits/suit-hunter-green-back.jpg
,suit-hunter-green,Hunter Green Suit,Premium Hunter Green Suit - Classic Deep Green,"Sophisticated hunter green suit offering a perfect balance between bold and professional. Ideal for fall events and evening occasions.",published,https://kct-menswear.com/images/suits/suit-hunter-green-front.jpg,1600,,,,6203.39.10,USA,,Premium Wool Blend,event-suits,suits,Hunter Green,3-Piece,TRUE,,,Hunter Green Suit 44R 3-Piece,KCT-HUNTER-GREEN-44R-3P,,FALSE,TRUE,1600,,,,,,,Premium Wool Blend,183.99,199.99,Size,44R,Type,3-Piece,https://kct-menswear.com/images/suits/suit-hunter-green-front.jpg,https://kct-menswear.com/images/suits/suit-hunter-green-back.jpg
,suit-hunter-green,Hunter Green Suit,Premium Hunter Green Suit - Classic Deep Green,"Sophisticated hunter green suit offering a perfect balance between bold and professional. Ideal for fall events and evening occasions.",published,https://kct-menswear.com/images/suits/suit-hunter-green-front.jpg,1500,,,,6203.39.10,USA,,Premium Wool Blend,event-suits,suits,Hunter Green,2-Piece,TRUE,,,Hunter Green Suit 46R 2-Piece,KCT-HUNTER-GREEN-46R-2P,,FALSE,TRUE,1500,,,,,,,Premium Wool Blend,165.59,179.99,Size,46R,Type,2-Piece,https://kct-menswear.com/images/suits/suit-hunter-green-front.jpg,https://kct-menswear.com/images/suits/suit-hunter-green-back.jpg
,suit-hunter-green,Hunter Green Suit,Premium Hunter Green Suit - Classic Deep Green,"Sophisticated hunter green suit offering a perfect balance between bold and professional. Ideal for fall events and evening occasions.",published,https://kct-menswear.com/images/suits/suit-hunter-green-front.jpg,1600,,,,6203.39.10,USA,,Premium Wool Blend,event-suits,suits,Hunter Green,3-Piece,TRUE,,,Hunter Green Suit 46R 3-Piece,KCT-HUNTER-GREEN-46R-3P,,FALSE,TRUE,1600,,,,,,,Premium Wool Blend,183.99,199.99,Size,46R,Type,3-Piece,https://kct-menswear.com/images/suits/suit-hunter-green-front.jpg,https://kct-menswear.com/images/suits/suit-hunter-green-back.jpg
,suit-indigo,Indigo Suit,Premium Indigo Suit - Deep Blue Excellence,"Rich indigo suit that offers versatility for both business and special occasions. A modern alternative to traditional navy with deeper, richer tones.",published,https://kct-menswear.com/images/suits/suit-indigo-front.jpg,1500,,,,6203.39.10,USA,,Premium Wool Blend,business-suits,suits,Indigo,2-Piece,TRUE,,,Indigo Suit 38R 2-Piece,KCT-INDIGO-38R-2P,,FALSE,TRUE,1500,,,,,,,Premium Wool Blend,165.59,179.99,Size,38R,Type,2-Piece,https://kct-menswear.com/images/suits/suit-indigo-front.jpg,https://kct-menswear.com/images/suits/suit-indigo-back.jpg
,suit-indigo,Indigo Suit,Premium Indigo Suit - Deep Blue Excellence,"Rich indigo suit that offers versatility for both business and special occasions. A modern alternative to traditional navy with deeper, richer tones.",published,https://kct-menswear.com/images/suits/suit-indigo-front.jpg,1600,,,,6203.39.10,USA,,Premium Wool Blend,business-suits,suits,Indigo,3-Piece,TRUE,,,Indigo Suit 38R 3-Piece,KCT-INDIGO-38R-3P,,FALSE,TRUE,1600,,,,,,,Premium Wool Blend,183.99,199.99,Size,38R,Type,3-Piece,https://kct-menswear.com/images/suits/suit-indigo-front.jpg,https://kct-menswear.com/images/suits/suit-indigo-back.jpg
,suit-indigo,Indigo Suit,Premium Indigo Suit - Deep Blue Excellence,"Rich indigo suit that offers versatility for both business and special occasions. A modern alternative to traditional navy with deeper, richer tones.",published,https://kct-menswear.com/images/suits/suit-indigo-front.jpg,1500,,,,6203.39.10,USA,,Premium Wool Blend,business-suits,suits,Indigo,2-Piece,TRUE,,,Indigo Suit 40R 2-Piece,KCT-INDIGO-40R-2P,,FALSE,TRUE,1500,,,,,,,Premium Wool Blend,165.59,179.99,Size,40R,Type,2-Piece,https://kct-menswear.com/images/suits/suit-indigo-front.jpg,https://kct-menswear.com/images/suits/suit-indigo-back.jpg
,suit-indigo,Indigo Suit,Premium Indigo Suit - Deep Blue Excellence,"Rich indigo suit that offers versatility for both business and special occasions. A modern alternative to traditional navy with deeper, richer tones.",published,https://kct-menswear.com/images/suits/suit-indigo-front.jpg,1600,,,,6203.39.10,USA,,Premium Wool Blend,business-suits,suits,Indigo,3-Piece,TRUE,,,Indigo Suit 40R 3-Piece,KCT-INDIGO-40R-3P,,FALSE,TRUE,1600,,,,,,,Premium Wool Blend,183.99,199.99,Size,40R,Type,3-Piece,https://kct-menswear.com/images/suits/suit-indigo-front.jpg,https://kct-menswear.com/images/suits/suit-indigo-back.jpg
,suit-indigo,Indigo Suit,Premium Indigo Suit - Deep Blue Excellence,"Rich indigo suit that offers versatility for both business and special occasions. A modern alternative to traditional navy with deeper, richer tones.",published,https://kct-menswear.com/images/suits/suit-indigo-front.jpg,1500,,,,6203.39.10,USA,,Premium Wool Blend,business-suits,suits,Indigo,2-Piece,TRUE,,,Indigo Suit 42R 2-Piece,KCT-INDIGO-42R-2P,,FALSE,TRUE,1500,,,,,,,Premium Wool Blend,165.59,179.99,Size,42R,Type,2-Piece,https://kct-menswear.com/images/suits/suit-indigo-front.jpg,https://kct-menswear.com/images/suits/suit-indigo-back.jpg
,suit-indigo,Indigo Suit,Premium Indigo Suit - Deep Blue Excellence,"Rich indigo suit that offers versatility for both business and special occasions. A modern alternative to traditional navy with deeper, richer tones.",published,https://kct-menswear.com/images/suits/suit-indigo-front.jpg,1600,,,,6203.39.10,USA,,Premium Wool Blend,business-suits,suits,Indigo,3-Piece,TRUE,,,Indigo Suit 42R 3-Piece,KCT-INDIGO-42R-3P,,FALSE,TRUE,1600,,,,,,,Premium Wool Blend,183.99,199.99,Size,42R,Type,3-Piece,https://kct-menswear.com/images/suits/suit-indigo-front.jpg,https://kct-menswear.com/images/suits/suit-indigo-back.jpg
,suit-indigo,Indigo Suit,Premium Indigo Suit - Deep Blue Excellence,"Rich indigo suit that offers versatility for both business and special occasions. A modern alternative to traditional navy with deeper, richer tones.",published,https://kct-menswear.com/images/suits/suit-indigo-front.jpg,1500,,,,6203.39.10,USA,,Premium Wool Blend,business-suits,suits,Indigo,2-Piece,TRUE,,,Indigo Suit 44R 2-Piece,KCT-INDIGO-44R-2P,,FALSE,TRUE,1500,,,,,,,Premium Wool Blend,165.59,179.99,Size,44R,Type,2-Piece,https://kct-menswear.com/images/suits/suit-indigo-front.jpg,https://kct-menswear.com/images/suits/suit-indigo-back.jpg
,suit-indigo,Indigo Suit,Premium Indigo Suit - Deep Blue Excellence,"Rich indigo suit that offers versatility for both business and special occasions. A modern alternative to traditional navy with deeper, richer tones.",published,https://kct-menswear.com/images/suits/suit-indigo-front.jpg,1600,,,,6203.39.10,USA,,Premium Wool Blend,business-suits,suits,Indigo,3-Piece,TRUE,,,Indigo Suit 44R 3-Piece,KCT-INDIGO-44R-3P,,FALSE,TRUE,1600,,,,,,,Premium Wool Blend,183.99,199.99,Size,44R,Type,3-Piece,https://kct-menswear.com/images/suits/suit-indigo-front.jpg,https://kct-menswear.com/images/suits/suit-indigo-back.jpg
,suit-indigo,Indigo Suit,Premium Indigo Suit - Deep Blue Excellence,"Rich indigo suit that offers versatility for both business and special occasions. A modern alternative to traditional navy with deeper, richer tones.",published,https://kct-menswear.com/images/suits/suit-indigo-front.jpg,1500,,,,6203.39.10,USA,,Premium Wool Blend,business-suits,suits,Indigo,2-Piece,TRUE,,,Indigo Suit 46R 2-Piece,KCT-INDIGO-46R-2P,,FALSE,TRUE,1500,,,,,,,Premium Wool Blend,165.59,179.99,Size,46R,Type,2-Piece,https://kct-menswear.com/images/suits/suit-indigo-front.jpg,https://kct-menswear.com/images/suits/suit-indigo-back.jpg
,suit-indigo,Indigo Suit,Premium Indigo Suit - Deep Blue Excellence,"Rich indigo suit that offers versatility for both business and special occasions. A modern alternative to traditional navy with deeper, richer tones.",published,https://kct-menswear.com/images/suits/suit-indigo-front.jpg,1600,,,,6203.39.10,USA,,Premium Wool Blend,business-suits,suits,Indigo,3-Piece,TRUE,,,Indigo Suit 46R 3-Piece,KCT-INDIGO-46R-3P,,FALSE,TRUE,1600,,,,,,,Premium Wool Blend,183.99,199.99,Size,46R,Type,3-Piece,https://kct-menswear.com/images/suits/suit-indigo-front.jpg,https://kct-menswear.com/images/suits/suit-indigo-back.jpg
,suit-midnight-blue,Midnight Blue Suit,Premium Midnight Blue Suit - Elegant Alternative to Black,"Luxurious midnight blue suit that appears nearly black in low light but reveals rich blue tones in natural light. Perfect for formal events and black-tie optional occasions.",published,https://kct-menswear.com/images/suits/suit-midnight-blue-front.jpg,1500,,,,6203.39.10,USA,,Super 120s Wool,formal-suits,suits,Midnight Blue,2-Piece,TRUE,,,Midnight Blue Suit 38R 2-Piece,KCT-MIDNIGHT-BLUE-38R-2P,,FALSE,TRUE,1500,,,,,,,Super 120s Wool,165.59,179.99,Size,38R,Type,2-Piece,https://kct-menswear.com/images/suits/suit-midnight-blue-front.jpg,https://kct-menswear.com/images/suits/suit-midnight-blue-back.jpg
,suit-midnight-blue,Midnight Blue Suit,Premium Midnight Blue Suit - Elegant Alternative to Black,"Luxurious midnight blue suit that appears nearly black in low light but reveals rich blue tones in natural light. Perfect for formal events and black-tie optional occasions.",published,https://kct-menswear.com/images/suits/suit-midnight-blue-front.jpg,1600,,,,6203.39.10,USA,,Super 120s Wool,formal-suits,suits,Midnight Blue,3-Piece,TRUE,,,Midnight Blue Suit 38R 3-Piece,KCT-MIDNIGHT-BLUE-38R-3P,,FALSE,TRUE,1600,,,,,,,Super 120s Wool,183.99,199.99,Size,38R,Type,3-Piece,https://kct-menswear.com/images/suits/suit-midnight-blue-front.jpg,https://kct-menswear.com/images/suits/suit-midnight-blue-back.jpg
,suit-midnight-blue,Midnight Blue Suit,Premium Midnight Blue Suit - Elegant Alternative to Black,"Luxurious midnight blue suit that appears nearly black in low light but reveals rich blue tones in natural light. Perfect for formal events and black-tie optional occasions.",published,https://kct-menswear.com/images/suits/suit-midnight-blue-front.jpg,1500,,,,6203.39.10,USA,,Super 120s Wool,formal-suits,suits,Midnight Blue,2-Piece,TRUE,,,Midnight Blue Suit 40R 2-Piece,KCT-MIDNIGHT-BLUE-40R-2P,,FALSE,TRUE,1500,,,,,,,Super 120s Wool,165.59,179.99,Size,40R,Type,2-Piece,https://kct-menswear.com/images/suits/suit-midnight-blue-front.jpg,https://kct-menswear.com/images/suits/suit-midnight-blue-back.jpg
,suit-midnight-blue,Midnight Blue Suit,Premium Midnight Blue Suit - Elegant Alternative to Black,"Luxurious midnight blue suit that appears nearly black in low light but reveals rich blue tones in natural light. Perfect for formal events and black-tie optional occasions.",published,https://kct-menswear.com/images/suits/suit-midnight-blue-front.jpg,1600,,,,6203.39.10,USA,,Super 120s Wool,formal-suits,suits,Midnight Blue,3-Piece,TRUE,,,Midnight Blue Suit 40R 3-Piece,KCT-MIDNIGHT-BLUE-40R-3P,,FALSE,TRUE,1600,,,,,,,Super 120s Wool,183.99,199.99,Size,40R,Type,3-Piece,https://kct-menswear.com/images/suits/suit-midnight-blue-front.jpg,https://kct-menswear.com/images/suits/suit-midnight-blue-back.jpg
,suit-midnight-blue,Midnight Blue Suit,Premium Midnight Blue Suit - Elegant Alternative to Black,"Luxurious midnight blue suit that appears nearly black in low light but reveals rich blue tones in natural light. Perfect for formal events and black-tie optional occasions.",published,https://kct-menswear.com/images/suits/suit-midnight-blue-front.jpg,1500,,,,6203.39.10,USA,,Super 120s Wool,formal-suits,suits,Midnight Blue,2-Piece,TRUE,,,Midnight Blue Suit 42R 2-Piece,KCT-MIDNIGHT-BLUE-42R-2P,,FALSE,TRUE,1500,,,,,,,Super 120s Wool,165.59,179.99,Size,42R,Type,2-Piece,https://kct-menswear.com/images/suits/suit-midnight-blue-front.jpg,https://kct-menswear.com/images/suits/suit-midnight-blue-back.jpg
,suit-midnight-blue,Midnight Blue Suit,Premium Midnight Blue Suit - Elegant Alternative to Black,"Luxurious midnight blue suit that appears nearly black in low light but reveals rich blue tones in natural light. Perfect for formal events and black-tie optional occasions.",published,https://kct-menswear.com/images/suits/suit-midnight-blue-front.jpg,1600,,,,6203.39.10,USA,,Super 120s Wool,formal-suits,suits,Midnight Blue,3-Piece,TRUE,,,Midnight Blue Suit 42R 3-Piece,KCT-MIDNIGHT-BLUE-42R-3P,,FALSE,TRUE,1600,,,,,,,Super 120s Wool,183.99,199.99,Size,42R,Type,3-Piece,https://kct-menswear.com/images/suits/suit-midnight-blue-front.jpg,https://kct-menswear.com/images/suits/suit-midnight-blue-back.jpg
,suit-midnight-blue,Midnight Blue Suit,Premium Midnight Blue Suit - Elegant Alternative to Black,"Luxurious midnight blue suit that appears nearly black in low light but reveals rich blue tones in natural light. Perfect for formal events and black-tie optional occasions.",published,https://kct-menswear.com/images/suits/suit-midnight-blue-front.jpg,1500,,,,6203.39.10,USA,,Super 120s Wool,formal-suits,suits,Midnight Blue,2-Piece,TRUE,,,Midnight Blue Suit 44R 2-Piece,KCT-MIDNIGHT-BLUE-44R-2P,,FALSE,TRUE,1500,,,,,,,Super 120s Wool,165.59,179.99,Size,44R,Type,2-Piece,https://kct-menswear.com/images/suits/suit-midnight-blue-front.jpg,https://kct-menswear.com/images/suits/suit-midnight-blue-back.jpg
,suit-midnight-blue,Midnight Blue Suit,Premium Midnight Blue Suit - Elegant Alternative to Black,"Luxurious midnight blue suit that appears nearly black in low light but reveals rich blue tones in natural light. Perfect for formal events and black-tie optional occasions.",published,https://kct-menswear.com/images/suits/suit-midnight-blue-front.jpg,1600,,,,6203.39.10,USA,,Super 120s Wool,formal-suits,suits,Midnight Blue,3-Piece,TRUE,,,Midnight Blue Suit 44R 3-Piece,KCT-MIDNIGHT-BLUE-44R-3P,,FALSE,TRUE,1600,,,,,,,Super 120s Wool,183.99,199.99,Size,44R,Type,3-Piece,https://kct-menswear.com/images/suits/suit-midnight-blue-front.jpg,https://kct-menswear.com/images/suits/suit-midnight-blue-back.jpg
,suit-midnight-blue,Midnight Blue Suit,Premium Midnight Blue Suit - Elegant Alternative to Black,"Luxurious midnight blue suit that appears nearly black in low light but reveals rich blue tones in natural light. Perfect for formal events and black-tie optional occasions.",published,https://kct-menswear.com/images/suits/suit-midnight-blue-front.jpg,1500,,,,6203.39.10,USA,,Super 120s Wool,formal-suits,suits,Midnight Blue,2-Piece,TRUE,,,Midnight Blue Suit 46R 2-Piece,KCT-MIDNIGHT-BLUE-46R-2P,,FALSE,TRUE,1500,,,,,,,Super 120s Wool,165.59,179.99,Size,46R,Type,2-Piece,https://kct-menswear.com/images/suits/suit-midnight-blue-front.jpg,https://kct-menswear.com/images/suits/suit-midnight-blue-back.jpg
,suit-midnight-blue,Midnight Blue Suit,Premium Midnight Blue Suit - Elegant Alternative to Black,"Luxurious midnight blue suit that appears nearly black in low light but reveals rich blue tones in natural light. Perfect for formal events and black-tie optional occasions.",published,https://kct-menswear.com/images/suits/suit-midnight-blue-front.jpg,1600,,,,6203.39.10,USA,,Super 120s Wool,formal-suits,suits,Midnight Blue,3-Piece,TRUE,,,Midnight Blue Suit 46R 3-Piece,KCT-MIDNIGHT-BLUE-46R-3P,,FALSE,TRUE,1600,,,,,,,Super 120s Wool,183.99,199.99,Size,46R,Type,3-Piece,https://kct-menswear.com/images/suits/suit-midnight-blue-front.jpg,https://kct-menswear.com/images/suits/suit-midnight-blue-back.jpg
,suit-beige,Beige Suit,Premium Beige Suit - Light & Sophisticated,"Elegant beige suit perfect for summer events, outdoor weddings, and daytime occasions. Light, breathable, and stylish.",published,https://kct-menswear.com/images/suits/suit-beige-front.jpg,1500,,,,6203.39.10,USA,,Lightweight Wool-Cotton Blend,wedding-suits,suits,Beige,2-Piece,TRUE,,,Beige Suit 38R 2-Piece,KCT-BEIGE-38R-2P,,FALSE,TRUE,1500,,,,,,,Lightweight Wool-Cotton Blend,165.59,179.99,Size,38R,Type,2-Piece,https://kct-menswear.com/images/suits/suit-beige-front.jpg,https://kct-menswear.com/images/suits/suit-beige-back.jpg
,suit-beige,Beige Suit,Premium Beige Suit - Light & Sophisticated,"Elegant beige suit perfect for summer events, outdoor weddings, and daytime occasions. Light, breathable, and stylish.",published,https://kct-menswear.com/images/suits/suit-beige-front.jpg,1600,,,,6203.39.10,USA,,Lightweight Wool-Cotton Blend,wedding-suits,suits,Beige,3-Piece,TRUE,,,Beige Suit 38R 3-Piece,KCT-BEIGE-38R-3P,,FALSE,TRUE,1600,,,,,,,Lightweight Wool-Cotton Blend,183.99,199.99,Size,38R,Type,3-Piece,https://kct-menswear.com/images/suits/suit-beige-front.jpg,https://kct-menswear.com/images/suits/suit-beige-back.jpg
,suit-beige,Beige Suit,Premium Beige Suit - Light & Sophisticated,"Elegant beige suit perfect for summer events, outdoor weddings, and daytime occasions. Light, breathable, and stylish.",published,https://kct-menswear.com/images/suits/suit-beige-front.jpg,1500,,,,6203.39.10,USA,,Lightweight Wool-Cotton Blend,wedding-suits,suits,Beige,2-Piece,TRUE,,,Beige Suit 40R 2-Piece,KCT-BEIGE-40R-2P,,FALSE,TRUE,1500,,,,,,,Lightweight Wool-Cotton Blend,165.59,179.99,Size,40R,Type,2-Piece,https://kct-menswear.com/images/suits/suit-beige-front.jpg,https://kct-menswear.com/images/suits/suit-beige-back.jpg
,suit-beige,Beige Suit,Premium Beige Suit - Light & Sophisticated,"Elegant beige suit perfect for summer events, outdoor weddings, and daytime occasions. Light, breathable, and stylish.",published,https://kct-menswear.com/images/suits/suit-beige-front.jpg,1600,,,,6203.39.10,USA,,Lightweight Wool-Cotton Blend,wedding-suits,suits,Beige,3-Piece,TRUE,,,Beige Suit 40R 3-Piece,KCT-BEIGE-40R-3P,,FALSE,TRUE,1600,,,,,,,Lightweight Wool-Cotton Blend,183.99,199.99,Size,40R,Type,3-Piece,https://kct-menswear.com/images/suits/suit-beige-front.jpg,https://kct-menswear.com/images/suits/suit-beige-back.jpg
,suit-beige,Beige Suit,Premium Beige Suit - Light & Sophisticated,"Elegant beige suit perfect for summer events, outdoor weddings, and daytime occasions. Light, breathable, and stylish.",published,https://kct-menswear.com/images/suits/suit-beige-front.jpg,1500,,,,6203.39.10,USA,,Lightweight Wool-Cotton Blend,wedding-suits,suits,Beige,2-Piece,TRUE,,,Beige Suit 42R 2-Piece,KCT-BEIGE-42R-2P,,FALSE,TRUE,1500,,,,,,,Lightweight Wool-Cotton Blend,165.59,179.99,Size,42R,Type,2-Piece,https://kct-menswear.com/images/suits/suit-beige-front.jpg,https://kct-menswear.com/images/suits/suit-beige-back.jpg
,suit-beige,Beige Suit,Premium Beige Suit - Light & Sophisticated,"Elegant beige suit perfect for summer events, outdoor weddings, and daytime occasions. Light, breathable, and stylish.",published,https://kct-menswear.com/images/suits/suit-beige-front.jpg,1600,,,,6203.39.10,USA,,Lightweight Wool-Cotton Blend,wedding-suits,suits,Beige,3-Piece,TRUE,,,Beige Suit 42R 3-Piece,KCT-BEIGE-42R-3P,,FALSE,TRUE,1600,,,,,,,Lightweight Wool-Cotton Blend,183.99,199.99,Size,42R,Type,3-Piece,https://kct-menswear.com/images/suits/suit-beige-front.jpg,https://kct-menswear.com/images/suits/suit-beige-back.jpg
,suit-beige,Beige Suit,Premium Beige Suit - Light & Sophisticated,"Elegant beige suit perfect for summer events, outdoor weddings, and daytime occasions. Light, breathable, and stylish.",published,https://kct-menswear.com/images/suits/suit-beige-front.jpg,1500,,,,6203.39.10,USA,,Lightweight Wool-Cotton Blend,wedding-suits,suits,Beige,2-Piece,TRUE,,,Beige Suit 44R 2-Piece,KCT-BEIGE-44R-2P,,FALSE,TRUE,1500,,,,,,,Lightweight Wool-Cotton Blend,165.59,179.99,Size,44R,Type,2-Piece,https://kct-menswear.com/images/suits/suit-beige-front.jpg,https://kct-menswear.com/images/suits/suit-beige-back.jpg
,suit-beige,Beige Suit,Premium Beige Suit - Light & Sophisticated,"Elegant beige suit perfect for summer events, outdoor weddings, and daytime occasions. Light, breathable, and stylish.",published,https://kct-menswear.com/images/suits/suit-beige-front.jpg,1600,,,,6203.39.10,USA,,Lightweight Wool-Cotton Blend,wedding-suits,suits,Beige,3-Piece,TRUE,,,Beige Suit 44R 3-Piece,KCT-BEIGE-44R-3P,,FALSE,TRUE,1600,,,,,,,Lightweight Wool-Cotton Blend,183.99,199.99,Size,44R,Type,3-Piece,https://kct-menswear.com/images/suits/suit-beige-front.jpg,https://kct-menswear.com/images/suits/suit-beige-back.jpg
,suit-beige,Beige Suit,Premium Beige Suit - Light & Sophisticated,"Elegant beige suit perfect for summer events, outdoor weddings, and daytime occasions. Light, breathable, and stylish.",published,https://kct-menswear.com/images/suits/suit-beige-front.jpg,1500,,,,6203.39.10,USA,,Lightweight Wool-Cotton Blend,wedding-suits,suits,Beige,2-Piece,TRUE,,,Beige Suit 46R 2-Piece,KCT-BEIGE-46R-2P,,FALSE,TRUE,1500,,,,,,,Lightweight Wool-Cotton Blend,165.59,179.99,Size,46R,Type,2-Piece,https://kct-menswear.com/images/suits/suit-beige-front.jpg,https://kct-menswear.com/images/suits/suit-beige-back.jpg
,suit-beige,Beige Suit,Premium Beige Suit - Light & Sophisticated,"Elegant beige suit perfect for summer events, outdoor weddings, and daytime occasions. Light, breathable, and stylish.",published,https://kct-menswear.com/images/suits/suit-beige-front.jpg,1600,,,,6203.39.10,USA,,Lightweight Wool-Cotton Blend,wedding-suits,suits,Beige,3-Piece,TRUE,,,Beige Suit 46R 3-Piece,KCT-BEIGE-46R-3P,,FALSE,TRUE,1600,,,,,,,Lightweight Wool-Cotton Blend,183.99,199.99,Size,46R,Type,3-Piece,https://kct-menswear.com/images/suits/suit-beige-front.jpg,https://kct-menswear.com/images/suits/suit-beige-back.jpg
,suit-brown,Brown Suit,Premium Brown Suit - Warm & Versatile,"Classic brown suit offering warmth and sophistication. Perfect for fall events, business casual settings, and creative industries.",published,https://kct-menswear.com/images/suits/suit-brown-front.jpg,1500,,,,6203.39.10,USA,,Premium Wool Blend,business-suits,suits,Brown,2-Piece,TRUE,,,Brown Suit 38R 2-Piece,KCT-BROWN-38R-2P,,FALSE,TRUE,1500,,,,,,,Premium Wool Blend,165.59,179.99,Size,38R,Type,2-Piece,https://kct-menswear.com/images/suits/suit-brown-front.jpg,https://kct-menswear.com/images/suits/suit-brown-back.jpg
,suit-brown,Brown Suit,Premium Brown Suit - Warm & Versatile,"Classic brown suit offering warmth and sophistication. Perfect for fall events, business casual settings, and creative industries.",published,https://kct-menswear.com/images/suits/suit-brown-front.jpg,1600,,,,6203.39.10,USA,,Premium Wool Blend,business-suits,suits,Brown,3-Piece,TRUE,,,Brown Suit 38R 3-Piece,KCT-BROWN-38R-3P,,FALSE,TRUE,1600,,,,,,,Premium Wool Blend,183.99,199.99,Size,38R,Type,3-Piece,https://kct-menswear.com/images/suits/suit-brown-front.jpg,https://kct-menswear.com/images/suits/suit-brown-back.jpg
,suit-brown,Brown Suit,Premium Brown Suit - Warm & Versatile,"Classic brown suit offering warmth and sophistication. Perfect for fall events, business casual settings, and creative industries.",published,https://kct-menswear.com/images/suits/suit-brown-front.jpg,1500,,,,6203.39.10,USA,,Premium Wool Blend,business-suits,suits,Brown,2-Piece,TRUE,,,Brown Suit 40R 2-Piece,KCT-BROWN-40R-2P,,FALSE,TRUE,1500,,,,,,,Premium Wool Blend,165.59,179.99,Size,40R,Type,2-Piece,https://kct-menswear.com/images/suits/suit-brown-front.jpg,https://kct-menswear.com/images/suits/suit-brown-back.jpg
,suit-brown,Brown Suit,Premium Brown Suit - Warm & Versatile,"Classic brown suit offering warmth and sophistication. Perfect for fall events, business casual settings, and creative industries.",published,https://kct-menswear.com/images/suits/suit-brown-front.jpg,1600,,,,6203.39.10,USA,,Premium Wool Blend,business-suits,suits,Brown,3-Piece,TRUE,,,Brown Suit 40R 3-Piece,KCT-BROWN-40R-3P,,FALSE,TRUE,1600,,,,,,,Premium Wool Blend,183.99,199.99,Size,40R,Type,3-Piece,https://kct-menswear.com/images/suits/suit-brown-front.jpg,https://kct-menswear.com/images/suits/suit-brown-back.jpg
,suit-brown,Brown Suit,Premium Brown Suit - Warm & Versatile,"Classic brown suit offering warmth and sophistication. Perfect for fall events, business casual settings, and creative industries.",published,https://kct-menswear.com/images/suits/suit-brown-front.jpg,1500,,,,6203.39.10,USA,,Premium Wool Blend,business-suits,suits,Brown,2-Piece,TRUE,,,Brown Suit 42R 2-Piece,KCT-BROWN-42R-2P,,FALSE,TRUE,1500,,,,,,,Premium Wool Blend,165.59,179.99,Size,42R,Type,2-Piece,https://kct-menswear.com/images/suits/suit-brown-front.jpg,https://kct-menswear.com/images/suits/suit-brown-back.jpg
,suit-brown,Brown Suit,Premium Brown Suit - Warm & Versatile,"Classic brown suit offering warmth and sophistication. Perfect for fall events, business casual settings, and creative industries.",published,https://kct-menswear.com/images/suits/suit-brown-front.jpg,1600,,,,6203.39.10,USA,,Premium Wool Blend,business-suits,suits,Brown,3-Piece,TRUE,,,Brown Suit 42R 3-Piece,KCT-BROWN-42R-3P,,FALSE,TRUE,1600,,,,,,,Premium Wool Blend,183.99,199.99,Size,42R,Type,3-Piece,https://kct-menswear.com/images/suits/suit-brown-front.jpg,https://kct-menswear.com/images/suits/suit-brown-back.jpg
,suit-brown,Brown Suit,Premium Brown Suit - Warm & Versatile,"Classic brown suit offering warmth and sophistication. Perfect for fall events, business casual settings, and creative industries.",published,https://kct-menswear.com/images/suits/suit-brown-front.jpg,1500,,,,6203.39.10,USA,,Premium Wool Blend,business-suits,suits,Brown,2-Piece,TRUE,,,Brown Suit 44R 2-Piece,KCT-BROWN-44R-2P,,FALSE,TRUE,1500,,,,,,,Premium Wool Blend,165.59,179.99,Size,44R,Type,2-Piece,https://kct-menswear.com/images/suits/suit-brown-front.jpg,https://kct-menswear.com/images/suits/suit-brown-back.jpg
,suit-brown,Brown Suit,Premium Brown Suit - Warm & Versatile,"Classic brown suit offering warmth and sophistication. Perfect for fall events, business casual settings, and creative industries.",published,https://kct-menswear.com/images/suits/suit-brown-front.jpg,1600,,,,6203.39.10,USA,,Premium Wool Blend,business-suits,suits,Brown,3-Piece,TRUE,,,Brown Suit 44R 3-Piece,KCT-BROWN-44R-3P,,FALSE,TRUE,1600,,,,,,,Premium Wool Blend,183.99,199.99,Size,44R,Type,3-Piece,https://kct-menswear.com/images/suits/suit-brown-front.jpg,https://kct-menswear.com/images/suits/suit-brown-back.jpg
,suit-brown,Brown Suit,Premium Brown Suit - Warm & Versatile,"Classic brown suit offering warmth and sophistication. Perfect for fall events, business casual settings, and creative industries.",published,https://kct-menswear.com/images/suits/suit-brown-front.jpg,1500,,,,6203.39.10,USA,,Premium Wool Blend,business-suits,suits,Brown,2-Piece,TRUE,,,Brown Suit 46R 2-Piece,KCT-BROWN-46R-2P,,FALSE,TRUE,1500,,,,,,,Premium Wool Blend,165.59,179.99,Size,46R,Type,2-Piece,https://kct-menswear.com/images/suits/suit-brown-front.jpg,https://kct-menswear.com/images/suits/suit-brown-back.jpg
,suit-brown,Brown Suit,Premium Brown Suit - Warm & Versatile,"Classic brown suit offering warmth and sophistication. Perfect for fall events, business casual settings, and creative industries.",published,https://kct-menswear.com/images/suits/suit-brown-front.jpg,1600,,,,6203.39.10,USA,,Premium Wool Blend,business-suits,suits,Brown,3-Piece,TRUE,,,Brown Suit 46R 3-Piece,KCT-BROWN-46R-3P,,FALSE,TRUE,1600,,,,,,,Premium Wool Blend,183.99,199.99,Size,46R,Type,3-Piece,https://kct-menswear.com/images/suits/suit-brown-front.jpg,https://kct-menswear.com/images/suits/suit-brown-back.jpg
,suit-dark-brown,Dark Brown Suit,Premium Dark Brown Suit - Rich & Professional,"Sophisticated dark brown suit combining professionalism with unique style. Excellent choice for business meetings and evening events.",published,https://kct-menswear.com/images/suits/suit-dark-brown-front.jpg,1500,,,,6203.39.10,USA,,Premium Wool Blend,business-suits,suits,Dark Brown,2-Piece,TRUE,,,Dark Brown Suit 38R 2-Piece,KCT-DARK-BROWN-38R-2P,,FALSE,TRUE,1500,,,,,,,Premium Wool Blend,165.59,179.99,Size,38R,Type,2-Piece,https://kct-menswear.com/images/suits/suit-dark-brown-front.jpg,https://kct-menswear.com/images/suits/suit-dark-brown-back.jpg
,suit-dark-brown,Dark Brown Suit,Premium Dark Brown Suit - Rich & Professional,"Sophisticated dark brown suit combining professionalism with unique style. Excellent choice for business meetings and evening events.",published,https://kct-menswear.com/images/suits/suit-dark-brown-front.jpg,1600,,,,6203.39.10,USA,,Premium Wool Blend,business-suits,suits,Dark Brown,3-Piece,TRUE,,,Dark Brown Suit 38R 3-Piece,KCT-DARK-BROWN-38R-3P,,FALSE,TRUE,1600,,,,,,,Premium Wool Blend,183.99,199.99,Size,38R,Type,3-Piece,https://kct-menswear.com/images/suits/suit-dark-brown-front.jpg,https://kct-menswear.com/images/suits/suit-dark-brown-back.jpg
,suit-dark-brown,Dark Brown Suit,Premium Dark Brown Suit - Rich & Professional,"Sophisticated dark brown suit combining professionalism with unique style. Excellent choice for business meetings and evening events.",published,https://kct-menswear.com/images/suits/suit-dark-brown-front.jpg,1500,,,,6203.39.10,USA,,Premium Wool Blend,business-suits,suits,Dark Brown,2-Piece,TRUE,,,Dark Brown Suit 40R 2-Piece,KCT-DARK-BROWN-40R-2P,,FALSE,TRUE,1500,,,,,,,Premium Wool Blend,165.59,179.99,Size,40R,Type,2-Piece,https://kct-menswear.com/images/suits/suit-dark-brown-front.jpg,https://kct-menswear.com/images/suits/suit-dark-brown-back.jpg
,suit-dark-brown,Dark Brown Suit,Premium Dark Brown Suit - Rich & Professional,"Sophisticated dark brown suit combining professionalism with unique style. Excellent choice for business meetings and evening events.",published,https://kct-menswear.com/images/suits/suit-dark-brown-front.jpg,1600,,,,6203.39.10,USA,,Premium Wool Blend,business-suits,suits,Dark Brown,3-Piece,TRUE,,,Dark Brown Suit 40R 3-Piece,KCT-DARK-BROWN-40R-3P,,FALSE,TRUE,1600,,,,,,,Premium Wool Blend,183.99,199.99,Size,40R,Type,3-Piece,https://kct-menswear.com/images/suits/suit-dark-brown-front.jpg,https://kct-menswear.com/images/suits/suit-dark-brown-back.jpg
,suit-dark-brown,Dark Brown Suit,Premium Dark Brown Suit - Rich & Professional,"Sophisticated dark brown suit combining professionalism with unique style. Excellent choice for business meetings and evening events.",published,https://kct-menswear.com/images/suits/suit-dark-brown-front.jpg,1500,,,,6203.39.10,USA,,Premium Wool Blend,business-suits,suits,Dark Brown,2-Piece,TRUE,,,Dark Brown Suit 42R 2-Piece,KCT-DARK-BROWN-42R-2P,,FALSE,TRUE,1500,,,,,,,Premium Wool Blend,165.59,179.99,Size,42R,Type,2-Piece,https://kct-menswear.com/images/suits/suit-dark-brown-front.jpg,https://kct-menswear.com/images/suits/suit-dark-brown-back.jpg
,suit-dark-brown,Dark Brown Suit,Premium Dark Brown Suit - Rich & Professional,"Sophisticated dark brown suit combining professionalism with unique style. Excellent choice for business meetings and evening events.",published,https://kct-menswear.com/images/suits/suit-dark-brown-front.jpg,1600,,,,6203.39.10,USA,,Premium Wool Blend,business-suits,suits,Dark Brown,3-Piece,TRUE,,,Dark Brown Suit 42R 3-Piece,KCT-DARK-BROWN-42R-3P,,FALSE,TRUE,1600,,,,,,,Premium Wool Blend,183.99,199.99,Size,42R,Type,3-Piece,https://kct-menswear.com/images/suits/suit-dark-brown-front.jpg,https://kct-menswear.com/images/suits/suit-dark-brown-back.jpg
,suit-dark-brown,Dark Brown Suit,Premium Dark Brown Suit - Rich & Professional,"Sophisticated dark brown suit combining professionalism with unique style. Excellent choice for business meetings and evening events.",published,https://kct-menswear.com/images/suits/suit-dark-brown-front.jpg,1500,,,,6203.39.10,USA,,Premium Wool Blend,business-suits,suits,Dark Brown,2-Piece,TRUE,,,Dark Brown Suit 44R 2-Piece,KCT-DARK-BROWN-44R-2P,,FALSE,TRUE,1500,,,,,,,Premium Wool Blend,165.59,179.99,Size,44R,Type,2-Piece,https://kct-menswear.com/images/suits/suit-dark-brown-front.jpg,https://kct-menswear.com/images/suits/suit-dark-brown-back.jpg
,suit-dark-brown,Dark Brown Suit,Premium Dark Brown Suit - Rich & Professional,"Sophisticated dark brown suit combining professionalism with unique style. Excellent choice for business meetings and evening events.",published,https://kct-menswear.com/images/suits/suit-dark-brown-front.jpg,1600,,,,6203.39.10,USA,,Premium Wool Blend,business-suits,suits,Dark Brown,3-Piece,TRUE,,,Dark Brown Suit 44R 3-Piece,KCT-DARK-BROWN-44R-3P,,FALSE,TRUE,1600,,,,,,,Premium Wool Blend,183.99,199.99,Size,44R,Type,3-Piece,https://kct-menswear.com/images/suits/suit-dark-brown-front.jpg,https://kct-menswear.com/images/suits/suit-dark-brown-back.jpg
,suit-dark-brown,Dark Brown Suit,Premium Dark Brown Suit - Rich & Professional,"Sophisticated dark brown suit combining professionalism with unique style. Excellent choice for business meetings and evening events.",published,https://kct-menswear.com/images/suits/suit-dark-brown-front.jpg,1500,,,,6203.39.10,USA,,Premium Wool Blend,business-suits,suits,Dark Brown,2-Piece,TRUE,,,Dark Brown Suit 46R 2-Piece,KCT-DARK-BROWN-46R-2P,,FALSE,TRUE,1500,,,,,,,Premium Wool Blend,165.59,179.99,Size,46R,Type,2-Piece,https://kct-menswear.com/images/suits/suit-dark-brown-front.jpg,https://kct-menswear.com/images/suits/suit-dark-brown-back.jpg
,suit-dark-brown,Dark Brown Suit,Premium Dark Brown Suit - Rich & Professional,"Sophisticated dark brown suit combining professionalism with unique style. Excellent choice for business meetings and evening events.",published,https://kct-menswear.com/images/suits/suit-dark-brown-front.jpg,1600,,,,6203.39.10,USA,,Premium Wool Blend,business-suits,suits,Dark Brown,3-Piece,TRUE,,,Dark Brown Suit 46R 3-Piece,KCT-DARK-BROWN-46R-3P,,FALSE,TRUE,1600,,,,,,,Premium Wool Blend,183.99,199.99,Size,46R,Type,3-Piece,https://kct-menswear.com/images/suits/suit-dark-brown-front.jpg,https://kct-menswear.com/images/suits/suit-dark-brown-back.jpg
,suit-sand,Sand Suit,Premium Sand Suit - Light & Elegant,"Refined sand-colored suit ideal for beach weddings, summer events, and destination occasions. Light, comfortable, and sophisticated.",published,https://kct-menswear.com/images/suits/suit-sand-front.jpg,1500,,,,6203.39.10,USA,,Lightweight Linen-Wool Blend,wedding-suits,suits,Sand,2-Piece,TRUE,,,Sand Suit 38R 2-Piece,KCT-SAND-38R-2P,,FALSE,TRUE,1500,,,,,,,Lightweight Linen-Wool Blend,165.59,179.99,Size,38R,Type,2-Piece,https://kct-menswear.com/images/suits/suit-sand-front.jpg,https://kct-menswear.com/images/suits/suit-sand-back.jpg
,suit-sand,Sand Suit,Premium Sand Suit - Light & Elegant,"Refined sand-colored suit ideal for beach weddings, summer events, and destination occasions. Light, comfortable, and sophisticated.",published,https://kct-menswear.com/images/suits/suit-sand-front.jpg,1600,,,,6203.39.10,USA,,Lightweight Linen-Wool Blend,wedding-suits,suits,Sand,3-Piece,TRUE,,,Sand Suit 38R 3-Piece,KCT-SAND-38R-3P,,FALSE,TRUE,1600,,,,,,,Lightweight Linen-Wool Blend,183.99,199.99,Size,38R,Type,3-Piece,https://kct-menswear.com/images/suits/suit-sand-front.jpg,https://kct-menswear.com/images/suits/suit-sand-back.jpg
,suit-sand,Sand Suit,Premium Sand Suit - Light & Elegant,"Refined sand-colored suit ideal for beach weddings, summer events, and destination occasions. Light, comfortable, and sophisticated.",published,https://kct-menswear.com/images/suits/suit-sand-front.jpg,1500,,,,6203.39.10,USA,,Lightweight Linen-Wool Blend,wedding-suits,suits,Sand,2-Piece,TRUE,,,Sand Suit 40R 2-Piece,KCT-SAND-40R-2P,,FALSE,TRUE,1500,,,,,,,Lightweight Linen-Wool Blend,165.59,179.99,Size,40R,Type,2-Piece,https://kct-menswear.com/images/suits/suit-sand-front.jpg,https://kct-menswear.com/images/suits/suit-sand-back.jpg
,suit-sand,Sand Suit,Premium Sand Suit - Light & Elegant,"Refined sand-colored suit ideal for beach weddings, summer events, and destination occasions. Light, comfortable, and sophisticated.",published,https://kct-menswear.com/images/suits/suit-sand-front.jpg,1600,,,,6203.39.10,USA,,Lightweight Linen-Wool Blend,wedding-suits,suits,Sand,3-Piece,TRUE,,,Sand Suit 40R 3-Piece,KCT-SAND-40R-3P,,FALSE,TRUE,1600,,,,,,,Lightweight Linen-Wool Blend,183.99,199.99,Size,40R,Type,3-Piece,https://kct-menswear.com/images/suits/suit-sand-front.jpg,https://kct-menswear.com/images/suits/suit-sand-back.jpg
,suit-sand,Sand Suit,Premium Sand Suit - Light & Elegant,"Refined sand-colored suit ideal for beach weddings, summer events, and destination occasions. Light, comfortable, and sophisticated.",published,https://kct-menswear.com/images/suits/suit-sand-front.jpg,1500,,,,6203.39.10,USA,,Lightweight Linen-Wool Blend,wedding-suits,suits,Sand,2-Piece,TRUE,,,Sand Suit 42R 2-Piece,KCT-SAND-42R-2P,,FALSE,TRUE,1500,,,,,,,Lightweight Linen-Wool Blend,165.59,179.99,Size,42R,Type,2-Piece,https://kct-menswear.com/images/suits/suit-sand-front.jpg,https://kct-menswear.com/images/suits/suit-sand-back.jpg
,suit-sand,Sand Suit,Premium Sand Suit - Light & Elegant,"Refined sand-colored suit ideal for beach weddings, summer events, and destination occasions. Light, comfortable, and sophisticated.",published,https://kct-menswear.com/images/suits/suit-sand-front.jpg,1600,,,,6203.39.10,USA,,Lightweight Linen-Wool Blend,wedding-suits,suits,Sand,3-Piece,TRUE,,,Sand Suit 42R 3-Piece,KCT-SAND-42R-3P,,FALSE,TRUE,1600,,,,,,,Lightweight Linen-Wool Blend,183.99,199.99,Size,42R,Type,3-Piece,https://kct-menswear.com/images/suits/suit-sand-front.jpg,https://kct-menswear.com/images/suits/suit-sand-back.jpg
,suit-sand,Sand Suit,Premium Sand Suit - Light & Elegant,"Refined sand-colored suit ideal for beach weddings, summer events, and destination occasions. Light, comfortable, and sophisticated.",published,https://kct-menswear.com/images/suits/suit-sand-front.jpg,1500,,,,6203.39.10,USA,,Lightweight Linen-Wool Blend,wedding-suits,suits,Sand,2-Piece,TRUE,,,Sand Suit 44R 2-Piece,KCT-SAND-44R-2P,,FALSE,TRUE,1500,,,,,,,Lightweight Linen-Wool Blend,165.59,179.99,Size,44R,Type,2-Piece,https://kct-menswear.com/images/suits/suit-sand-front.jpg,https://kct-menswear.com/images/suits/suit-sand-back.jpg
,suit-sand,Sand Suit,Premium Sand Suit - Light & Elegant,"Refined sand-colored suit ideal for beach weddings, summer events, and destination occasions. Light, comfortable, and sophisticated.",published,https://kct-menswear.com/images/suits/suit-sand-front.jpg,1600,,,,6203.39.10,USA,,Lightweight Linen-Wool Blend,wedding-suits,suits,Sand,3-Piece,TRUE,,,Sand Suit 44R 3-Piece,KCT-SAND-44R-3P,,FALSE,TRUE,1600,,,,,,,Lightweight Linen-Wool Blend,183.99,199.99,Size,44R,Type,3-Piece,https://kct-menswear.com/images/suits/suit-sand-front.jpg,https://kct-menswear.com/images/suits/suit-sand-back.jpg
,suit-sand,Sand Suit,Premium Sand Suit - Light & Elegant,"Refined sand-colored suit ideal for beach weddings, summer events, and destination occasions. Light, comfortable, and sophisticated.",published,https://kct-menswear.com/images/suits/suit-sand-front.jpg,1500,,,,6203.39.10,USA,,Lightweight Linen-Wool Blend,wedding-suits,suits,Sand,2-Piece,TRUE,,,Sand Suit 46R 2-Piece,KCT-SAND-46R-2P,,FALSE,TRUE,1500,,,,,,,Lightweight Linen-Wool Blend,165.59,179.99,Size,46R,Type,2-Piece,https://kct-menswear.com/images/suits/suit-sand-front.jpg,https://kct-menswear.com/images/suits/suit-sand-back.jpg
,suit-sand,Sand Suit,Premium Sand Suit - Light & Elegant,"Refined sand-colored suit ideal for beach weddings, summer events, and destination occasions. Light, comfortable, and sophisticated.",published,https://kct-menswear.com/images/suits/suit-sand-front.jpg,1600,,,,6203.39.10,USA,,Lightweight Linen-Wool Blend,wedding-suits,suits,Sand,3-Piece,TRUE,,,Sand Suit 46R 3-Piece,KCT-SAND-46R-3P,,FALSE,TRUE,1600,,,,,,,Lightweight Linen-Wool Blend,183.99,199.99,Size,46R,Type,3-Piece,https://kct-menswear.com/images/suits/suit-sand-front.jpg,https://kct-menswear.com/images/suits/suit-sand-back.jpg
,suit-tan,Tan Suit,Premium Tan Suit - Versatile & Stylish,"Versatile tan suit perfect for outdoor events, summer occasions, and casual weddings. Combines style with comfort.",published,https://kct-menswear.com/images/suits/suit-tan-front.jpg,1500,,,,6203.39.10,USA,,Cotton-Wool Blend,wedding-suits,suits,Tan,2-Piece,TRUE,,,Tan Suit 38R 2-Piece,KCT-TAN-38R-2P,,FALSE,TRUE,1500,,,,,,,Cotton-Wool Blend,165.59,179.99,Size,38R,Type,2-Piece,https://kct-menswear.com/images/suits/suit-tan-front.jpg,https://kct-menswear.com/images/suits/suit-tan-back.jpg
,suit-tan,Tan Suit,Premium Tan Suit - Versatile & Stylish,"Versatile tan suit perfect for outdoor events, summer occasions, and casual weddings. Combines style with comfort.",published,https://kct-menswear.com/images/suits/suit-tan-front.jpg,1600,,,,6203.39.10,USA,,Cotton-Wool Blend,wedding-suits,suits,Tan,3-Piece,TRUE,,,Tan Suit 38R 3-Piece,KCT-TAN-38R-3P,,FALSE,TRUE,1600,,,,,,,Cotton-Wool Blend,183.99,199.99,Size,38R,Type,3-Piece,https://kct-menswear.com/images/suits/suit-tan-front.jpg,https://kct-menswear.com/images/suits/suit-tan-back.jpg
,suit-tan,Tan Suit,Premium Tan Suit - Versatile & Stylish,"Versatile tan suit perfect for outdoor events, summer occasions, and casual weddings. Combines style with comfort.",published,https://kct-menswear.com/images/suits/suit-tan-front.jpg,1500,,,,6203.39.10,USA,,Cotton-Wool Blend,wedding-suits,suits,Tan,2-Piece,TRUE,,,Tan Suit 40R 2-Piece,KCT-TAN-40R-2P,,FALSE,TRUE,1500,,,,,,,Cotton-Wool Blend,165.59,179.99,Size,40R,Type,2-Piece,https://kct-menswear.com/images/suits/suit-tan-front.jpg,https://kct-menswear.com/images/suits/suit-tan-back.jpg
,suit-tan,Tan Suit,Premium Tan Suit - Versatile & Stylish,"Versatile tan suit perfect for outdoor events, summer occasions, and casual weddings. Combines style with comfort.",published,https://kct-menswear.com/images/suits/suit-tan-front.jpg,1600,,,,6203.39.10,USA,,Cotton-Wool Blend,wedding-suits,suits,Tan,3-Piece,TRUE,,,Tan Suit 40R 3-Piece,KCT-TAN-40R-3P,,FALSE,TRUE,1600,,,,,,,Cotton-Wool Blend,183.99,199.99,Size,40R,Type,3-Piece,https://kct-menswear.com/images/suits/suit-tan-front.jpg,https://kct-menswear.com/images/suits/suit-tan-back.jpg
,suit-tan,Tan Suit,Premium Tan Suit - Versatile & Stylish,"Versatile tan suit perfect for outdoor events, summer occasions, and casual weddings. Combines style with comfort.",published,https://kct-menswear.com/images/suits/suit-tan-front.jpg,1500,,,,6203.39.10,USA,,Cotton-Wool Blend,wedding-suits,suits,Tan,2-Piece,TRUE,,,Tan Suit 42R 2-Piece,KCT-TAN-42R-2P,,FALSE,TRUE,1500,,,,,,,Cotton-Wool Blend,165.59,179.99,Size,42R,Type,2-Piece,https://kct-menswear.com/images/suits/suit-tan-front.jpg,https://kct-menswear.com/images/suits/suit-tan-back.jpg
,suit-tan,Tan Suit,Premium Tan Suit - Versatile & Stylish,"Versatile tan suit perfect for outdoor events, summer occasions, and casual weddings. Combines style with comfort.",published,https://kct-menswear.com/images/suits/suit-tan-front.jpg,1600,,,,6203.39.10,USA,,Cotton-Wool Blend,wedding-suits,suits,Tan,3-Piece,TRUE,,,Tan Suit 42R 3-Piece,KCT-TAN-42R-3P,,FALSE,TRUE,1600,,,,,,,Cotton-Wool Blend,183.99,199.99,Size,42R,Type,3-Piece,https://kct-menswear.com/images/suits/suit-tan-front.jpg,https://kct-menswear.com/images/suits/suit-tan-back.jpg
,suit-tan,Tan Suit,Premium Tan Suit - Versatile & Stylish,"Versatile tan suit perfect for outdoor events, summer occasions, and casual weddings. Combines style with comfort.",published,https://kct-menswear.com/images/suits/suit-tan-front.jpg,1500,,,,6203.39.10,USA,,Cotton-Wool Blend,wedding-suits,suits,Tan,2-Piece,TRUE,,,Tan Suit 44R 2-Piece,KCT-TAN-44R-2P,,FALSE,TRUE,1500,,,,,,,Cotton-Wool Blend,165.59,179.99,Size,44R,Type,2-Piece,https://kct-menswear.com/images/suits/suit-tan-front.jpg,https://kct-menswear.com/images/suits/suit-tan-back.jpg
,suit-tan,Tan Suit,Premium Tan Suit - Versatile & Stylish,"Versatile tan suit perfect for outdoor events, summer occasions, and casual weddings. Combines style with comfort.",published,https://kct-menswear.com/images/suits/suit-tan-front.jpg,1600,,,,6203.39.10,USA,,Cotton-Wool Blend,wedding-suits,suits,Tan,3-Piece,TRUE,,,Tan Suit 44R 3-Piece,KCT-TAN-44R-3P,,FALSE,TRUE,1600,,,,,,,Cotton-Wool Blend,183.99,199.99,Size,44R,Type,3-Piece,https://kct-menswear.com/images/suits/suit-tan-front.jpg,https://kct-menswear.com/images/suits/suit-tan-back.jpg
,suit-tan,Tan Suit,Premium Tan Suit - Versatile & Stylish,"Versatile tan suit perfect for outdoor events, summer occasions, and casual weddings. Combines style with comfort.",published,https://kct-menswear.com/images/suits/suit-tan-front.jpg,1500,,,,6203.39.10,USA,,Cotton-Wool Blend,wedding-suits,suits,Tan,2-Piece,TRUE,,,Tan Suit 46R 2-Piece,KCT-TAN-46R-2P,,FALSE,TRUE,1500,,,,,,,Cotton-Wool Blend,165.59,179.99,Size,46R,Type,2-Piece,https://kct-menswear.com/images/suits/suit-tan-front.jpg,https://kct-menswear.com/images/suits/suit-tan-back.jpg
,suit-tan,Tan Suit,Premium Tan Suit - Versatile & Stylish,"Versatile tan suit perfect for outdoor events, summer occasions, and casual weddings. Combines style with comfort.",published,https://kct-menswear.com/images/suits/suit-tan-front.jpg,1600,,,,6203.39.10,USA,,Cotton-Wool Blend,wedding-suits,suits,Tan,3-Piece,TRUE,,,Tan Suit 46R 3-Piece,KCT-TAN-46R-3P,,FALSE,TRUE,1600,,,,,,,Cotton-Wool Blend,183.99,199.99,Size,46R,Type,3-Piece,https://kct-menswear.com/images/suits/suit-tan-front.jpg,https://kct-menswear.com/images/suits/suit-tan-back.jpg
,suit-navy,Navy Suit,Premium Navy Suit - The Essential Classic,"Timeless navy suit that forms the foundation of any formal wardrobe. Perfect for business, weddings, and all formal occasions.",published,https://kct-menswear.com/images/suits/suit-navy-front.jpg,1500,,,,6203.39.10,USA,,Premium Wool Blend,business-suits,suits,Navy,2-Piece,TRUE,,,Navy Suit 38R 2-Piece,KCT-NAVY-38R-2P,,FALSE,TRUE,1500,,,,,,,Premium Wool Blend,165.59,179.99,Size,38R,Type,2-Piece,https://kct-menswear.com/images/suits/suit-navy-front.jpg,https://kct-menswear.com/images/suits/suit-navy-back.jpg
,suit-navy,Navy Suit,Premium Navy Suit - The Essential Classic,"Timeless navy suit that forms the foundation of any formal wardrobe. Perfect for business, weddings, and all formal occasions.",published,https://kct-menswear.com/images/suits/suit-navy-front.jpg,1600,,,,6203.39.10,USA,,Premium Wool Blend,business-suits,suits,Navy,3-Piece,TRUE,,,Navy Suit 38R 3-Piece,KCT-NAVY-38R-3P,,FALSE,TRUE,1600,,,,,,,Premium Wool Blend,183.99,199.99,Size,38R,Type,3-Piece,https://kct-menswear.com/images/suits/suit-navy-front.jpg,https://kct-menswear.com/images/suits/suit-navy-back.jpg
,suit-navy,Navy Suit,Premium Navy Suit - The Essential Classic,"Timeless navy suit that forms the foundation of any formal wardrobe. Perfect for business, weddings, and all formal occasions.",published,https://kct-menswear.com/images/suits/suit-navy-front.jpg,1500,,,,6203.39.10,USA,,Premium Wool Blend,business-suits,suits,Navy,2-Piece,TRUE,,,Navy Suit 40R 2-Piece,KCT-NAVY-40R-2P,,FALSE,TRUE,1500,,,,,,,Premium Wool Blend,165.59,179.99,Size,40R,Type,2-Piece,https://kct-menswear.com/images/suits/suit-navy-front.jpg,https://kct-menswear.com/images/suits/suit-navy-back.jpg
,suit-navy,Navy Suit,Premium Navy Suit - The Essential Classic,"Timeless navy suit that forms the foundation of any formal wardrobe. Perfect for business, weddings, and all formal occasions.",published,https://kct-menswear.com/images/suits/suit-navy-front.jpg,1600,,,,6203.39.10,USA,,Premium Wool Blend,business-suits,suits,Navy,3-Piece,TRUE,,,Navy Suit 40R 3-Piece,KCT-NAVY-40R-3P,,FALSE,TRUE,1600,,,,,,,Premium Wool Blend,183.99,199.99,Size,40R,Type,3-Piece,https://kct-menswear.com/images/suits/suit-navy-front.jpg,https://kct-menswear.com/images/suits/suit-navy-back.jpg
,suit-navy,Navy Suit,Premium Navy Suit - The Essential Classic,"Timeless navy suit that forms the foundation of any formal wardrobe. Perfect for business, weddings, and all formal occasions.",published,https://kct-menswear.com/images/suits/suit-navy-front.jpg,1500,,,,6203.39.10,USA,,Premium Wool Blend,business-suits,suits,Navy,2-Piece,TRUE,,,Navy Suit 42R 2-Piece,KCT-NAVY-42R-2P,,FALSE,TRUE,1500,,,,,,,Premium Wool Blend,165.59,179.99,Size,42R,Type,2-Piece,https://kct-menswear.com/images/suits/suit-navy-front.jpg,https://kct-menswear.com/images/suits/suit-navy-back.jpg
,suit-navy,Navy Suit,Premium Navy Suit - The Essential Classic,"Timeless navy suit that forms the foundation of any formal wardrobe. Perfect for business, weddings, and all formal occasions.",published,https://kct-menswear.com/images/suits/suit-navy-front.jpg,1600,,,,6203.39.10,USA,,Premium Wool Blend,business-suits,suits,Navy,3-Piece,TRUE,,,Navy Suit 42R 3-Piece,KCT-NAVY-42R-3P,,FALSE,TRUE,1600,,,,,,,Premium Wool Blend,183.99,199.99,Size,42R,Type,3-Piece,https://kct-menswear.com/images/suits/suit-navy-front.jpg,https://kct-menswear.com/images/suits/suit-navy-back.jpg
,suit-navy,Navy Suit,Premium Navy Suit - The Essential Classic,"Timeless navy suit that forms the foundation of any formal wardrobe. Perfect for business, weddings, and all formal occasions.",published,https://kct-menswear.com/images/suits/suit-navy-front.jpg,1500,,,,6203.39.10,USA,,Premium Wool Blend,business-suits,suits,Navy,2-Piece,TRUE,,,Navy Suit 44R 2-Piece,KCT-NAVY-44R-2P,,FALSE,TRUE,1500,,,,,,,Premium Wool Blend,165.59,179.99,Size,44R,Type,2-Piece,https://kct-menswear.com/images/suits/suit-navy-front.jpg,https://kct-menswear.com/images/suits/suit-navy-back.jpg
,suit-navy,Navy Suit,Premium Navy Suit - The Essential Classic,"Timeless navy suit that forms the foundation of any formal wardrobe. Perfect for business, weddings, and all formal occasions.",published,https://kct-menswear.com/images/suits/suit-navy-front.jpg,1600,,,,6203.39.10,USA,,Premium Wool Blend,business-suits,suits,Navy,3-Piece,TRUE,,,Navy Suit 44R 3-Piece,KCT-NAVY-44R-3P,,FALSE,TRUE,1600,,,,,,,Premium Wool Blend,183.99,199.99,Size,44R,Type,3-Piece,https://kct-menswear.com/images/suits/suit-navy-front.jpg,https://kct-menswear.com/images/suits/suit-navy-back.jpg
,suit-navy,Navy Suit,Premium Navy Suit - The Essential Classic,"Timeless navy suit that forms the foundation of any formal wardrobe. Perfect for business, weddings, and all formal occasions.",published,https://kct-menswear.com/images/suits/suit-navy-front.jpg,1500,,,,6203.39.10,USA,,Premium Wool Blend,business-suits,suits,Navy,2-Piece,TRUE,,,Navy Suit 46R 2-Piece,KCT-NAVY-46R-2P,,FALSE,TRUE,1500,,,,,,,Premium Wool Blend,165.59,179.99,Size,46R,Type,2-Piece,https://kct-menswear.com/images/suits/suit-navy-front.jpg,https://kct-menswear.com/images/suits/suit-navy-back.jpg
,suit-navy,Navy Suit,Premium Navy Suit - The Essential Classic,"Timeless navy suit that forms the foundation of any formal wardrobe. Perfect for business, weddings, and all formal occasions.",published,https://kct-menswear.com/images/suits/suit-navy-front.jpg,1600,,,,6203.39.10,USA,,Premium Wool Blend,business-suits,suits,Navy,3-Piece,TRUE,,,Navy Suit 46R 3-Piece,KCT-NAVY-46R-3P,,FALSE,TRUE,1600,,,,,,,Premium Wool Blend,183.99,199.99,Size,46R,Type,3-Piece,https://kct-menswear.com/images/suits/suit-navy-front.jpg,https://kct-menswear.com/images/suits/suit-navy-back.jpg
,suit-charcoal,Charcoal Grey Suit,Premium Charcoal Suit - Professional Excellence,"Sophisticated charcoal grey suit ideal for business meetings, interviews, and formal events. A versatile staple for the modern professional.",published,https://kct-menswear.com/images/suits/suit-charcoal-front.jpg,1500,,,,6203.39.10,USA,,Premium Wool Blend,business-suits,suits,Charcoal,2-Piece,TRUE,,,Charcoal Grey Suit 38R 2-Piece,KCT-CHARCOAL-38R-2P,,FALSE,TRUE,1500,,,,,,,Premium Wool Blend,165.59,179.99,Size,38R,Type,2-Piece,https://kct-menswear.com/images/suits/suit-charcoal-front.jpg,https://kct-menswear.com/images/suits/suit-charcoal-back.jpg
,suit-charcoal,Charcoal Grey Suit,Premium Charcoal Suit - Professional Excellence,"Sophisticated charcoal grey suit ideal for business meetings, interviews, and formal events. A versatile staple for the modern professional.",published,https://kct-menswear.com/images/suits/suit-charcoal-front.jpg,1600,,,,6203.39.10,USA,,Premium Wool Blend,business-suits,suits,Charcoal,3-Piece,TRUE,,,Charcoal Grey Suit 38R 3-Piece,KCT-CHARCOAL-38R-3P,,FALSE,TRUE,1600,,,,,,,Premium Wool Blend,183.99,199.99,Size,38R,Type,3-Piece,https://kct-menswear.com/images/suits/suit-charcoal-front.jpg,https://kct-menswear.com/images/suits/suit-charcoal-back.jpg
,suit-charcoal,Charcoal Grey Suit,Premium Charcoal Suit - Professional Excellence,"Sophisticated charcoal grey suit ideal for business meetings, interviews, and formal events. A versatile staple for the modern professional.",published,https://kct-menswear.com/images/suits/suit-charcoal-front.jpg,1500,,,,6203.39.10,USA,,Premium Wool Blend,business-suits,suits,Charcoal,2-Piece,TRUE,,,Charcoal Grey Suit 40R 2-Piece,KCT-CHARCOAL-40R-2P,,FALSE,TRUE,1500,,,,,,,Premium Wool Blend,165.59,179.99,Size,40R,Type,2-Piece,https://kct-menswear.com/images/suits/suit-charcoal-front.jpg,https://kct-menswear.com/images/suits/suit-charcoal-back.jpg
,suit-charcoal,Charcoal Grey Suit,Premium Charcoal Suit - Professional Excellence,"Sophisticated charcoal grey suit ideal for business meetings, interviews, and formal events. A versatile staple for the modern professional.",published,https://kct-menswear.com/images/suits/suit-charcoal-front.jpg,1600,,,,6203.39.10,USA,,Premium Wool Blend,business-suits,suits,Charcoal,3-Piece,TRUE,,,Charcoal Grey Suit 40R 3-Piece,KCT-CHARCOAL-40R-3P,,FALSE,TRUE,1600,,,,,,,Premium Wool Blend,183.99,199.99,Size,40R,Type,3-Piece,https://kct-menswear.com/images/suits/suit-charcoal-front.jpg,https://kct-menswear.com/images/suits/suit-charcoal-back.jpg
,suit-charcoal,Charcoal Grey Suit,Premium Charcoal Suit - Professional Excellence,"Sophisticated charcoal grey suit ideal for business meetings, interviews, and formal events. A versatile staple for the modern professional.",published,https://kct-menswear.com/images/suits/suit-charcoal-front.jpg,1500,,,,6203.39.10,USA,,Premium Wool Blend,business-suits,suits,Charcoal,2-Piece,TRUE,,,Charcoal Grey Suit 42R 2-Piece,KCT-CHARCOAL-42R-2P,,FALSE,TRUE,1500,,,,,,,Premium Wool Blend,165.59,179.99,Size,42R,Type,2-Piece,https://kct-menswear.com/images/suits/suit-charcoal-front.jpg,https://kct-menswear.com/images/suits/suit-charcoal-back.jpg
,suit-charcoal,Charcoal Grey Suit,Premium Charcoal Suit - Professional Excellence,"Sophisticated charcoal grey suit ideal for business meetings, interviews, and formal events. A versatile staple for the modern professional.",published,https://kct-menswear.com/images/suits/suit-charcoal-front.jpg,1600,,,,6203.39.10,USA,,Premium Wool Blend,business-suits,suits,Charcoal,3-Piece,TRUE,,,Charcoal Grey Suit 42R 3-Piece,KCT-CHARCOAL-42R-3P,,FALSE,TRUE,1600,,,,,,,Premium Wool Blend,183.99,199.99,Size,42R,Type,3-Piece,https://kct-menswear.com/images/suits/suit-charcoal-front.jpg,https://kct-menswear.com/images/suits/suit-charcoal-back.jpg
,suit-charcoal,Charcoal Grey Suit,Premium Charcoal Suit - Professional Excellence,"Sophisticated charcoal grey suit ideal for business meetings, interviews, and formal events. A versatile staple for the modern professional.",published,https://kct-menswear.com/images/suits/suit-charcoal-front.jpg,1500,,,,6203.39.10,USA,,Premium Wool Blend,business-suits,suits,Charcoal,2-Piece,TRUE,,,Charcoal Grey Suit 44R 2-Piece,KCT-CHARCOAL-44R-2P,,FALSE,TRUE,1500,,,,,,,Premium Wool Blend,165.59,179.99,Size,44R,Type,2-Piece,https://kct-menswear.com/images/suits/suit-charcoal-front.jpg,https://kct-menswear.com/images/suits/suit-charcoal-back.jpg
,suit-charcoal,Charcoal Grey Suit,Premium Charcoal Suit - Professional Excellence,"Sophisticated charcoal grey suit ideal for business meetings, interviews, and formal events. A versatile staple for the modern professional.",published,https://kct-menswear.com/images/suits/suit-charcoal-front.jpg,1600,,,,6203.39.10,USA,,Premium Wool Blend,business-suits,suits,Charcoal,3-Piece,TRUE,,,Charcoal Grey Suit 44R 3-Piece,KCT-CHARCOAL-44R-3P,,FALSE,TRUE,1600,,,,,,,Premium Wool Blend,183.99,199.99,Size,44R,Type,3-Piece,https://kct-menswear.com/images/suits/suit-charcoal-front.jpg,https://kct-menswear.com/images/suits/suit-charcoal-back.jpg
,suit-charcoal,Charcoal Grey Suit,Premium Charcoal Suit - Professional Excellence,"Sophisticated charcoal grey suit ideal for business meetings, interviews, and formal events. A versatile staple for the modern professional.",published,https://kct-menswear.com/images/suits/suit-charcoal-front.jpg,1500,,,,6203.39.10,USA,,Premium Wool Blend,business-suits,suits,Charcoal,2-Piece,TRUE,,,Charcoal Grey Suit 46R 2-Piece,KCT-CHARCOAL-46R-2P,,FALSE,TRUE,1500,,,,,,,Premium Wool Blend,165.59,179.99,Size,46R,Type,2-Piece,https://kct-menswear.com/images/suits/suit-charcoal-front.jpg,https://kct-menswear.com/images/suits/suit-charcoal-back.jpg
,suit-charcoal,Charcoal Grey Suit,Premium Charcoal Suit - Professional Excellence,"Sophisticated charcoal grey suit ideal for business meetings, interviews, and formal events. A versatile staple for the modern professional.",published,https://kct-menswear.com/images/suits/suit-charcoal-front.jpg,1600,,,,6203.39.10,USA,,Premium Wool Blend,business-suits,suits,Charcoal,3-Piece,TRUE,,,Charcoal Grey Suit 46R 3-Piece,KCT-CHARCOAL-46R-3P,,FALSE,TRUE,1600,,,,,,,Premium Wool Blend,183.99,199.99,Size,46R,Type,3-Piece,https://kct-menswear.com/images/suits/suit-charcoal-front.jpg,https://kct-menswear.com/images/suits/suit-charcoal-back.jpg
,suit-light-grey,Light Grey Suit,Premium Light Grey Suit - Modern & Fresh,"Contemporary light grey suit perfect for daytime events, summer weddings, and modern business settings.",published,https://kct-menswear.com/images/suits/suit-light-grey-front.jpg,1500,,,,6203.39.10,USA,,Lightweight Wool Blend,wedding-suits,suits,Light Grey,2-Piece,TRUE,,,Light Grey Suit 38R 2-Piece,KCT-LIGHT-GREY-38R-2P,,FALSE,TRUE,1500,,,,,,,Lightweight Wool Blend,165.59,179.99,Size,38R,Type,2-Piece,https://kct-menswear.com/images/suits/suit-light-grey-front.jpg,https://kct-menswear.com/images/suits/suit-light-grey-back.jpg
,suit-light-grey,Light Grey Suit,Premium Light Grey Suit - Modern & Fresh,"Contemporary light grey suit perfect for daytime events, summer weddings, and modern business settings.",published,https://kct-menswear.com/images/suits/suit-light-grey-front.jpg,1600,,,,6203.39.10,USA,,Lightweight Wool Blend,wedding-suits,suits,Light Grey,3-Piece,TRUE,,,Light Grey Suit 38R 3-Piece,KCT-LIGHT-GREY-38R-3P,,FALSE,TRUE,1600,,,,,,,Lightweight Wool Blend,183.99,199.99,Size,38R,Type,3-Piece,https://kct-menswear.com/images/suits/suit-light-grey-front.jpg,https://kct-menswear.com/images/suits/suit-light-grey-back.jpg
,suit-light-grey,Light Grey Suit,Premium Light Grey Suit - Modern & Fresh,"Contemporary light grey suit perfect for daytime events, summer weddings, and modern business settings.",published,https://kct-menswear.com/images/suits/suit-light-grey-front.jpg,1500,,,,6203.39.10,USA,,Lightweight Wool Blend,wedding-suits,suits,Light Grey,2-Piece,TRUE,,,Light Grey Suit 40R 2-Piece,KCT-LIGHT-GREY-40R-2P,,FALSE,TRUE,1500,,,,,,,Lightweight Wool Blend,165.59,179.99,Size,40R,Type,2-Piece,https://kct-menswear.com/images/suits/suit-light-grey-front.jpg,https://kct-menswear.com/images/suits/suit-light-grey-back.jpg
,suit-light-grey,Light Grey Suit,Premium Light Grey Suit - Modern & Fresh,"Contemporary light grey suit perfect for daytime events, summer weddings, and modern business settings.",published,https://kct-menswear.com/images/suits/suit-light-grey-front.jpg,1600,,,,6203.39.10,USA,,Lightweight Wool Blend,wedding-suits,suits,Light Grey,3-Piece,TRUE,,,Light Grey Suit 40R 3-Piece,KCT-LIGHT-GREY-40R-3P,,FALSE,TRUE,1600,,,,,,,Lightweight Wool Blend,183.99,199.99,Size,40R,Type,3-Piece,https://kct-menswear.com/images/suits/suit-light-grey-front.jpg,https://kct-menswear.com/images/suits/suit-light-grey-back.jpg
,suit-light-grey,Light Grey Suit,Premium Light Grey Suit - Modern & Fresh,"Contemporary light grey suit perfect for daytime events, summer weddings, and modern business settings.",published,https://kct-menswear.com/images/suits/suit-light-grey-front.jpg,1500,,,,6203.39.10,USA,,Lightweight Wool Blend,wedding-suits,suits,Light Grey,2-Piece,TRUE,,,Light Grey Suit 42R 2-Piece,KCT-LIGHT-GREY-42R-2P,,FALSE,TRUE,1500,,,,,,,Lightweight Wool Blend,165.59,179.99,Size,42R,Type,2-Piece,https://kct-menswear.com/images/suits/suit-light-grey-front.jpg,https://kct-menswear.com/images/suits/suit-light-grey-back.jpg
,suit-light-grey,Light Grey Suit,Premium Light Grey Suit - Modern & Fresh,"Contemporary light grey suit perfect for daytime events, summer weddings, and modern business settings.",published,https://kct-menswear.com/images/suits/suit-light-grey-front.jpg,1600,,,,6203.39.10,USA,,Lightweight Wool Blend,wedding-suits,suits,Light Grey,3-Piece,TRUE,,,Light Grey Suit 42R 3-Piece,KCT-LIGHT-GREY-42R-3P,,FALSE,TRUE,1600,,,,,,,Lightweight Wool Blend,183.99,199.99,Size,42R,Type,3-Piece,https://kct-menswear.com/images/suits/suit-light-grey-front.jpg,https://kct-menswear.com/images/suits/suit-light-grey-back.jpg
,suit-light-grey,Light Grey Suit,Premium Light Grey Suit - Modern & Fresh,"Contemporary light grey suit perfect for daytime events, summer weddings, and modern business settings.",published,https://kct-menswear.com/images/suits/suit-light-grey-front.jpg,1500,,,,6203.39.10,USA,,Lightweight Wool Blend,wedding-suits,suits,Light Grey,2-Piece,TRUE,,,Light Grey Suit 44R 2-Piece,KCT-LIGHT-GREY-44R-2P,,FALSE,TRUE,1500,,,,,,,Lightweight Wool Blend,165.59,179.99,Size,44R,Type,2-Piece,https://kct-menswear.com/images/suits/suit-light-grey-front.jpg,https://kct-menswear.com/images/suits/suit-light-grey-back.jpg
,suit-light-grey,Light Grey Suit,Premium Light Grey Suit - Modern & Fresh,"Contemporary light grey suit perfect for daytime events, summer weddings, and modern business settings.",published,https://kct-menswear.com/images/suits/suit-light-grey-front.jpg,1600,,,,6203.39.10,USA,,Lightweight Wool Blend,wedding-suits,suits,Light Grey,3-Piece,TRUE,,,Light Grey Suit 44R 3-Piece,KCT-LIGHT-GREY-44R-3P,,FALSE,TRUE,1600,,,,,,,Lightweight Wool Blend,183.99,199.99,Size,44R,Type,3-Piece,https://kct-menswear.com/images/suits/suit-light-grey-front.jpg,https://kct-menswear.com/images/suits/suit-light-grey-back.jpg
,suit-light-grey,Light Grey Suit,Premium Light Grey Suit - Modern & Fresh,"Contemporary light grey suit perfect for daytime events, summer weddings, and modern business settings.",published,https://kct-menswear.com/images/suits/suit-light-grey-front.jpg,1500,,,,6203.39.10,USA,,Lightweight Wool Blend,wedding-suits,suits,Light Grey,2-Piece,TRUE,,,Light Grey Suit 46R 2-Piece,KCT-LIGHT-GREY-46R-2P,,FALSE,TRUE,1500,,,,,,,Lightweight Wool Blend,165.59,179.99,Size,46R,Type,2-Piece,https://kct-menswear.com/images/suits/suit-light-grey-front.jpg,https://kct-menswear.com/images/suits/suit-light-grey-back.jpg
,suit-light-grey,Light Grey Suit,Premium Light Grey Suit - Modern & Fresh,"Contemporary light grey suit perfect for daytime events, summer weddings, and modern business settings.",published,https://kct-menswear.com/images/suits/suit-light-grey-front.jpg,1600,,,,6203.39.10,USA,,Lightweight Wool Blend,wedding-suits,suits,Light Grey,3-Piece,TRUE,,,Light Grey Suit 46R 3-Piece,KCT-LIGHT-GREY-46R-3P,,FALSE,TRUE,1600,,,,,,,Lightweight Wool Blend,183.99,199.99,Size,46R,Type,3-Piece,https://kct-menswear.com/images/suits/suit-light-grey-front.jpg,https://kct-menswear.com/images/suits/suit-light-grey-back.jpg
,suit-black,Black Suit,Premium Black Suit - Formal Perfection,"Classic black suit for the most formal occasions. Essential for black-tie optional events, evening occasions, and formal business.",published,https://kct-menswear.com/images/suits/suit-black-front.jpg,1500,,,,6203.39.10,USA,,Super 110s Wool,formal-suits,suits,Black,2-Piece,TRUE,,,Black Suit 38R 2-Piece,KCT-BLACK-38R-2P,,FALSE,TRUE,1500,,,,,,,Super 110s Wool,165.59,179.99,Size,38R,Type,2-Piece,https://kct-menswear.com/images/suits/suit-black-front.jpg,https://kct-menswear.com/images/suits/suit-black-back.jpg
,suit-black,Black Suit,Premium Black Suit - Formal Perfection,"Classic black suit for the most formal occasions. Essential for black-tie optional events, evening occasions, and formal business.",published,https://kct-menswear.com/images/suits/suit-black-front.jpg,1600,,,,6203.39.10,USA,,Super 110s Wool,formal-suits,suits,Black,3-Piece,TRUE,,,Black Suit 38R 3-Piece,KCT-BLACK-38R-3P,,FALSE,TRUE,1600,,,,,,,Super 110s Wool,183.99,199.99,Size,38R,Type,3-Piece,https://kct-menswear.com/images/suits/suit-black-front.jpg,https://kct-menswear.com/images/suits/suit-black-back.jpg
,suit-black,Black Suit,Premium Black Suit - Formal Perfection,"Classic black suit for the most formal occasions. Essential for black-tie optional events, evening occasions, and formal business.",published,https://kct-menswear.com/images/suits/suit-black-front.jpg,1500,,,,6203.39.10,USA,,Super 110s Wool,formal-suits,suits,Black,2-Piece,TRUE,,,Black Suit 40R 2-Piece,KCT-BLACK-40R-2P,,FALSE,TRUE,1500,,,,,,,Super 110s Wool,165.59,179.99,Size,40R,Type,2-Piece,https://kct-menswear.com/images/suits/suit-black-front.jpg,https://kct-menswear.com/images/suits/suit-black-back.jpg
,suit-black,Black Suit,Premium Black Suit - Formal Perfection,"Classic black suit for the most formal occasions. Essential for black-tie optional events, evening occasions, and formal business.",published,https://kct-menswear.com/images/suits/suit-black-front.jpg,1600,,,,6203.39.10,USA,,Super 110s Wool,formal-suits,suits,Black,3-Piece,TRUE,,,Black Suit 40R 3-Piece,KCT-BLACK-40R-3P,,FALSE,TRUE,1600,,,,,,,Super 110s Wool,183.99,199.99,Size,40R,Type,3-Piece,https://kct-menswear.com/images/suits/suit-black-front.jpg,https://kct-menswear.com/images/suits/suit-black-back.jpg
,suit-black,Black Suit,Premium Black Suit - Formal Perfection,"Classic black suit for the most formal occasions. Essential for black-tie optional events, evening occasions, and formal business.",published,https://kct-menswear.com/images/suits/suit-black-front.jpg,1500,,,,6203.39.10,USA,,Super 110s Wool,formal-suits,suits,Black,2-Piece,TRUE,,,Black Suit 42R 2-Piece,KCT-BLACK-42R-2P,,FALSE,TRUE,1500,,,,,,,Super 110s Wool,165.59,179.99,Size,42R,Type,2-Piece,https://kct-menswear.com/images/suits/suit-black-front.jpg,https://kct-menswear.com/images/suits/suit-black-back.jpg
,suit-black,Black Suit,Premium Black Suit - Formal Perfection,"Classic black suit for the most formal occasions. Essential for black-tie optional events, evening occasions, and formal business.",published,https://kct-menswear.com/images/suits/suit-black-front.jpg,1600,,,,6203.39.10,USA,,Super 110s Wool,formal-suits,suits,Black,3-Piece,TRUE,,,Black Suit 42R 3-Piece,KCT-BLACK-42R-3P,,FALSE,TRUE,1600,,,,,,,Super 110s Wool,183.99,199.99,Size,42R,Type,3-Piece,https://kct-menswear.com/images/suits/suit-black-front.jpg,https://kct-menswear.com/images/suits/suit-black-back.jpg
,suit-black,Black Suit,Premium Black Suit - Formal Perfection,"Classic black suit for the most formal occasions. Essential for black-tie optional events, evening occasions, and formal business.",published,https://kct-menswear.com/images/suits/suit-black-front.jpg,1500,,,,6203.39.10,USA,,Super 110s Wool,formal-suits,suits,Black,2-Piece,TRUE,,,Black Suit 44R 2-Piece,KCT-BLACK-44R-2P,,FALSE,TRUE,1500,,,,,,,Super 110s Wool,165.59,179.99,Size,44R,Type,2-Piece,https://kct-menswear.com/images/suits/suit-black-front.jpg,https://kct-menswear.com/images/suits/suit-black-back.jpg
,suit-black,Black Suit,Premium Black Suit - Formal Perfection,"Classic black suit for the most formal occasions. Essential for black-tie optional events, evening occasions, and formal business.",published,https://kct-menswear.com/images/suits/suit-black-front.jpg,1600,,,,6203.39.10,USA,,Super 110s Wool,formal-suits,suits,Black,3-Piece,TRUE,,,Black Suit 44R 3-Piece,KCT-BLACK-44R-3P,,FALSE,TRUE,1600,,,,,,,Super 110s Wool,183.99,199.99,Size,44R,Type,3-Piece,https://kct-menswear.com/images/suits/suit-black-front.jpg,https://kct-menswear.com/images/suits/suit-black-back.jpg
,suit-black,Black Suit,Premium Black Suit - Formal Perfection,"Classic black suit for the most formal occasions. Essential for black-tie optional events, evening occasions, and formal business.",published,https://kct-menswear.com/images/suits/suit-black-front.jpg,1500,,,,6203.39.10,USA,,Super 110s Wool,formal-suits,suits,Black,2-Piece,TRUE,,,Black Suit 46R 2-Piece,KCT-BLACK-46R-2P,,FALSE,TRUE,1500,,,,,,,Super 110s Wool,165.59,179.99,Size,46R,Type,2-Piece,https://kct-menswear.com/images/suits/suit-black-front.jpg,https://kct-menswear.com/images/suits/suit-black-back.jpg
,suit-black,Black Suit,Premium Black Suit - Formal Perfection,"Classic black suit for the most formal occasions. Essential for black-tie optional events, evening occasions, and formal business.",published,https://kct-menswear.com/images/suits/suit-black-front.jpg,1600,,,,6203.39.10,USA,,Super 110s Wool,formal-suits,suits,Black,3-Piece,TRUE,,,Black Suit 46R 3-Piece,KCT-BLACK-46R-3P,,FALSE,TRUE,1600,,,,,,,Super 110s Wool,183.99,199.99,Size,46R,Type,3-Piece,https://kct-menswear.com/images/suits/suit-black-front.jpg,https://kct-menswear.com/images/suits/suit-black-back.jpg