folder,product_stem,main_image_url,gallery_urls,total_images,has_model,has_non_model_counterpart
double_breasted,mens_double_breasted_suit_2021,https://pub-8ea0502158a94b8ca8a7abb9e18a57e8.r2.dev/double_breasted/mens_double_breasted_suit_2021_0.webp,https://pub-8ea0502158a94b8ca8a7abb9e18a57e8.r2.dev/double_breasted/mens_double_breasted_suit_2021_0.webp;https://pub-8ea0502158a94b8ca8a7abb9e18a57e8.r2.dev/double_breasted/mens_double_breasted_suit_2021_1.webp;https://pub-8ea0502158a94b8ca8a7abb9e18a57e8.r2.dev/double_breasted/mens_double_breasted_suit_2021_2.webp,3,no,yes
double_breasted,mens_double_breasted_suit_2022,https://pub-8ea0502158a94b8ca8a7abb9e18a57e8.r2.dev/double_breasted/mens_double_breasted_suit_2022_0.webp,https://pub-8ea0502158a94b8ca8a7abb9e18a57e8.r2.dev/double_breasted/mens_double_breasted_suit_2022_0.webp,1,no,yes
double_breasted,mens_double_breasted_suit_2023,https://pub-8ea0502158a94b8ca8a7abb9e18a57e8.r2.dev/double_breasted/mens_double_breasted_suit_2023_0.webp,https://pub-8ea0502158a94b8ca8a7abb9e18a57e8.r2.dev/double_breasted/mens_double_breasted_suit_2023_0.webp,1,no,yes
double_breasted,mens_double_breasted_suit_2024,https://pub-8ea0502158a94b8ca8a7abb9e18a57e8.r2.dev/double_breasted/mens_double_breasted_suit_model_2024_0.webp,https://pub-8ea0502158a94b8ca8a7abb9e18a57e8.r2.dev/double_breasted/mens_double_breasted_suit_2024_0.webp;https://pub-8ea0502158a94b8ca8a7abb9e18a57e8.r2.dev/double_breasted/mens_double_breasted_suit_model_2024_0.webp,2,yes,yes
dress_shirts/mock_neck,mens_dress_shirt_mock_neck_3001,https://pub-8ea0502158a94b8ca8a7abb9e18a57e8.r2.dev/dress_shirts/mock_neck/mens_dress_shirt_mock_neck_3001_0.webp,https://pub-8ea0502158a94b8ca8a7abb9e18a57e8.r2.dev/dress_shirts/mock_neck/mens_dress_shirt_mock_neck_3001_0.webp,1,no,yes
dress_shirts/mock_neck,mens_dress_shirt_mock_neck_3003,https://pub-8ea0502158a94b8ca8a7abb9e18a57e8.r2.dev/dress_shirts/mock_neck/mens_dress_shirt_mock_neck_3003_0.webp,https://pub-8ea0502158a94b8ca8a7abb9e18a57e8.r2.dev/dress_shirts/mock_neck/mens_dress_shirt_mock_neck_3003_0.webp,1,no,yes
dress_shirts/mock_neck,mens_dress_shirt_mock_neck_3007,https://pub-8ea0502158a94b8ca8a7abb9e18a57e8.r2.dev/dress_shirts/mock_neck/mens_dress_shirt_mock_neck_3007_0.webp,https://pub-8ea0502158a94b8ca8a7abb9e18a57e8.r2.dev/dress_shirts/mock_neck/mens_dress_shirt_mock_neck_3007_0.webp,1,no,yes
dress_shirts/mock_neck,mens_dress_shirt_mock_neck_3011,https://pub-8ea0502158a94b8ca8a7abb9e18a57e8.r2.dev/dress_shirts/mock_neck/mens_dress_shirt_mock_neck_3011_0.webp,https://pub-8ea0502158a94b8ca8a7abb9e18a57e8.r2.dev/dress_shirts/mock_neck/mens_dress_shirt_mock_neck_3011_0.webp,1,no,yes
dress_shirts/stretch_collar,mens_dress_shirt_stretch_collar_3004,https://pub-8ea0502158a94b8ca8a7abb9e18a57e8.r2.dev/dress_shirts/stretch_collar/mens_dress_shirt_stretch_collar_model_3004_0.webp,https://pub-8ea0502158a94b8ca8a7abb9e18a57e8.r2.dev/dress_shirts/stretch_collar/mens_dress_shirt_stretch_collar_3004_0.webp;https://pub-8ea0502158a94b8ca8a7abb9e18a57e8.r2.dev/dress_shirts/stretch_collar/mens_dress_shirt_stretch_collar_model_3004_0.webp;https://pub-8ea0502158a94b8ca8a7abb9e18a57e8.r2.dev/dress_shirts/stretch_collar/mens_dress_shirt_stretch_collar_model_3004_1.webp;https://pub-8ea0502158a94b8ca8a7abb9e18a57e8.r2.dev/dress_shirts/stretch_collar/mens_dress_shirt_stretch_collar_model_3004_2.webp;https://pub-8ea0502158a94b8ca8a7abb9e18a57e8.r2.dev/dress_shirts/stretch_collar/mens_dress_shirt_stretch_collar_model_3004_3.webp,5,yes,yes
dress_shirts/stretch_collar,mens_dress_shirt_stretch_collar_3005,https://pub-8ea0502158a94b8ca8a7abb9e18a57e8.r2.dev/dress_shirts/stretch_collar/mens_dress_shirt_stretch_collar_model_3005_0.webp,https://pub-8ea0502158a94b8ca8a7abb9e18a57e8.r2.dev/dress_shirts/stretch_collar/mens_dress_shirt_stretch_collar_model_3005_0.webp;https://pub-8ea0502158a94b8ca8a7abb9e18a57e8.r2.dev/dress_shirts/stretch_collar/mens_dress_shirt_stretch_collar_model_3005_1.webp;https://pub-8ea0502158a94b8ca8a7abb9e18a57e8.r2.dev/dress_shirts/stretch_collar/mens_dress_shirt_stretch_collar_model_3005_2.webp;https://pub-8ea0502158a94b8ca8a7abb9e18a57e8.r2.dev/dress_shirts/stretch_collar/mens_dress_shirt_stretch_collar_model_3005_3.webp;https://pub-8ea0502158a94b8ca8a7abb9e18a57e8.r2.dev/dress_shirts/stretch_collar/mens_dress_shirt_stretch_collar_model_3005_4.webp,5,yes,no
dress_shirts/stretch_collar,mens_dress_shirt_stretch_collar_3008,https://pub-8ea0502158a94b8ca8a7abb9e18a57e8.r2.dev/dress_shirts/stretch_collar/mens_dress_shirt_stretch_collar_model_3008_0.webp,https://pub-8ea0502158a94b8ca8a7abb9e18a57e8.r2.dev/dress_shirts/stretch_collar/mens_dress_shirt_stretch_collar_model_3008_0.webp;https://pub-8ea0502158a94b8ca8a7abb9e18a57e8.r2.dev/dress_shirts/stretch_collar/mens_dress_shirt_stretch_collar_model_3008_1.webp;https://pub-8ea0502158a94b8ca8a7abb9e18a57e8.r2.dev/dress_shirts/stretch_collar/mens_dress_shirt_stretch_collar_model_3008_2.webp;https://pub-8ea0502158a94b8ca8a7abb9e18a57e8.r2.dev/dress_shirts/stretch_collar/mens_dress_shirt_stretch_collar_model_3008_3.webp;https://pub-8ea0502158a94b8ca8a7abb9e18a57e8.r2.dev/dress_shirts/stretch_collar/mens_dress_shirt_stretch_collar_model_3008_4.webp,5,yes,no
dress_shirts/turtle_neck,mens_dress_shirt_turtle_neck_3002,https://pub-8ea0502158a94b8ca8a7abb9e18a57e8.r2.dev/dress_shirts/turtle_neck/mens_dress_shirt_turtle_neck_3002_0.webp,https://pub-8ea0502158a94b8ca8a7abb9e18a57e8.r2.dev/dress_shirts/turtle_neck/mens_dress_shirt_turtle_neck_3002_0.webp,1,no,yes
dress_shirts/turtle_neck,mens_dress_shirt_turtle_neck_3006,https://pub-8ea0502158a94b8ca8a7abb9e18a57e8.r2.dev/dress_shirts/turtle_neck/mens_dress_shirt_turtle_neck_3006_0.webp,https://pub-8ea0502158a94b8ca8a7abb9e18a57e8.r2.dev/dress_shirts/turtle_neck/mens_dress_shirt_turtle_neck_3006_0.webp,1,no,yes
dress_shirts/turtle_neck,mens_dress_shirt_turtle_neck_3009,https://pub-8ea0502158a94b8ca8a7abb9e18a57e8.r2.dev/dress_shirts/turtle_neck/mens_dress_shirt_turtle_neck_3009_0.webp,https://pub-8ea0502158a94b8ca8a7abb9e18a57e8.r2.dev/dress_shirts/turtle_neck/mens_dress_shirt_turtle_neck_3009_0.webp,1,no,yes
dress_shirts/turtle_neck,mens_dress_shirt_turtle_neck_3010,https://pub-8ea0502158a94b8ca8a7abb9e18a57e8.r2.dev/dress_shirts/turtle_neck/mens_dress_shirt_turtle_neck_3010_0.webp,https://pub-8ea0502158a94b8ca8a7abb9e18a57e8.r2.dev/dress_shirts/turtle_neck/mens_dress_shirt_turtle_neck_3010_0.webp,1,no,yes
dress_shirts/turtle_neck,mens_dress_shirt_turtle_neck_3012,https://pub-8ea0502158a94b8ca8a7abb9e18a57e8.r2.dev/dress_shirts/turtle_neck/mens_dress_shirt_turtle_neck_3012_0.webp,https://pub-8ea0502158a94b8ca8a7abb9e18a57e8.r2.dev/dress_shirts/turtle_neck/mens_dress_shirt_turtle_neck_3012_0.webp,1,no,yes
main-solid-vest-tie,10-z,https://pub-8ea0502158a94b8ca8a7abb9e18a57e8.r2.dev/main-solid-vest-tie/10-z_20.jpg,https://pub-8ea0502158a94b8ca8a7abb9e18a57e8.r2.dev/main-solid-vest-tie/10-z_20.jpg,1,no,yes
main-solid-vest-tie,20250803_0017_Trendy Teal Menswear Ensemble_remix_01k1q29pfgfcpv0m0dw198y3r5,https://pub-8ea0502158a94b8ca8a7abb9e18a57e8.r2.dev/main-solid-vest-tie/20250803_0017_Trendy Teal Menswear Ensemble_remix_01k1q29pfgfcpv0m0dw198y3r5.png,https://pub-8ea0502158a94b8ca8a7abb9e18a57e8.r2.dev/main-solid-vest-tie/20250803_0017_Trendy Teal Menswear Ensemble_remix_01k1q29pfgfcpv0m0dw198y3r5.png,1,no,yes
main-solid-vest-tie,blush,https://pub-8ea0502158a94b8ca8a7abb9e18a57e8.r2.dev/main-solid-vest-tie/blush-model.png,https://pub-8ea0502158a94b8ca8a7abb9e18a57e8.r2.dev/main-solid-vest-tie/blush-model.png,1,yes,no
main-solid-vest-tie,blush-vest,https://pub-8ea0502158a94b8ca8a7abb9e18a57e8.r2.dev/main-solid-vest-tie/blush-vest.jpg,https://pub-8ea0502158a94b8ca8a7abb9e18a57e8.r2.dev/main-solid-vest-tie/blush-vest.jpg,1,no,yes
main-solid-vest-tie,burnt-orange,https://pub-8ea0502158a94b8ca8a7abb9e18a57e8.r2.dev/main-solid-vest-tie/burnt-orange-model.png,https://pub-8ea0502158a94b8ca8a7abb9e18a57e8.r2.dev/main-solid-vest-tie/burnt-orange-model.png,1,yes,no
main-solid-vest-tie,burnt-orange-vest,https://pub-8ea0502158a94b8ca8a7abb9e18a57e8.r2.dev/main-solid-vest-tie/burnt-orange-vest.jpg,https://pub-8ea0502158a94b8ca8a7abb9e18a57e8.r2.dev/main-solid-vest-tie/burnt-orange-vest.jpg,1,no,yes
main-solid-vest-tie,canary,https://pub-8ea0502158a94b8ca8a7abb9e18a57e8.r2.dev/main-solid-vest-tie/canary-model.png,https://pub-8ea0502158a94b8ca8a7abb9e18a57e8.r2.dev/main-solid-vest-tie/canary-model.png,1,yes,no
main-solid-vest-tie,canary-vest,https://pub-8ea0502158a94b8ca8a7abb9e18a57e8.r2.dev/main-solid-vest-tie/canary-vest.jpg,https://pub-8ea0502158a94b8ca8a7abb9e18a57e8.r2.dev/main-solid-vest-tie/canary-vest.jpg,1,no,yes
main-solid-vest-tie,carolina-blue-men,https://pub-8ea0502158a94b8ca8a7abb9e18a57e8.r2.dev/main-solid-vest-tie/carolina-blue-men-model.png,https://pub-8ea0502158a94b8ca8a7abb9e18a57e8.r2.dev/main-solid-vest-tie/carolina-blue-men-model.png,1,yes,no
main-solid-vest-tie,carolina-blue-men-vest,https://pub-8ea0502158a94b8ca8a7abb9e18a57e8.r2.dev/main-solid-vest-tie/carolina-blue-men-vest.jpg,https://pub-8ea0502158a94b8ca8a7abb9e18a57e8.r2.dev/main-solid-vest-tie/carolina-blue-men-vest.jpg,1,no,yes
main-solid-vest-tie,chocolate-brown,https://pub-8ea0502158a94b8ca8a7abb9e18a57e8.r2.dev/main-solid-vest-tie/chocolate-brown-model.png,https://pub-8ea0502158a94b8ca8a7abb9e18a57e8.r2.dev/main-solid-vest-tie/chocolate-brown-model.png,1,yes,no
main-solid-vest-tie,chocolate-brown-vest,https://pub-8ea0502158a94b8ca8a7abb9e18a57e8.r2.dev/main-solid-vest-tie/chocolate-brown-vest.jpg,https://pub-8ea0502158a94b8ca8a7abb9e18a57e8.r2.dev/main-solid-vest-tie/chocolate-brown-vest.jpg,1,no,yes
main-solid-vest-tie,coral,https://pub-8ea0502158a94b8ca8a7abb9e18a57e8.r2.dev/main-solid-vest-tie/coral-model.png,https://pub-8ea0502158a94b8ca8a7abb9e18a57e8.r2.dev/main-solid-vest-tie/coral-model.png,1,yes,no
main-solid-vest-tie,coral-vest,https://pub-8ea0502158a94b8ca8a7abb9e18a57e8.r2.dev/main-solid-vest-tie/coral-vest.jpg,https://pub-8ea0502158a94b8ca8a7abb9e18a57e8.r2.dev/main-solid-vest-tie/coral-vest.jpg,1,no,yes
main-solid-vest-tie,dar-burgundy-vest,https://pub-8ea0502158a94b8ca8a7abb9e18a57e8.r2.dev/main-solid-vest-tie/dar-burgundy-vest.jpg,https://pub-8ea0502158a94b8ca8a7abb9e18a57e8.r2.dev/main-solid-vest-tie/dar-burgundy-vest.jpg,1,no,yes
main-solid-vest-tie,dark-burgundy,https://pub-8ea0502158a94b8ca8a7abb9e18a57e8.r2.dev/main-solid-vest-tie/dark-burgundy-model.png,https://pub-8ea0502158a94b8ca8a7abb9e18a57e8.r2.dev/main-solid-vest-tie/dark-burgundy-model.png,1,yes,no
main-solid-vest-tie,dusty-rose,https://pub-8ea0502158a94b8ca8a7abb9e18a57e8.r2.dev/main-solid-vest-tie/dusty-rose-model.png,https://pub-8ea0502158a94b8ca8a7abb9e18a57e8.r2.dev/main-solid-vest-tie/dusty-rose-model.png,1,yes,no
main-solid-vest-tie,dusty-rose-vest,https://pub-8ea0502158a94b8ca8a7abb9e18a57e8.r2.dev/main-solid-vest-tie/dusty-rose-vest.jpg,https://pub-8ea0502158a94b8ca8a7abb9e18a57e8.r2.dev/main-solid-vest-tie/dusty-rose-vest.jpg,1,no,yes
main-solid-vest-tie,dusty-sage,https://pub-8ea0502158a94b8ca8a7abb9e18a57e8.r2.dev/main-solid-vest-tie/dusty-sage-model.png,https://pub-8ea0502158a94b8ca8a7abb9e18a57e8.r2.dev/main-solid-vest-tie/dusty-sage-model.png,1,yes,no
main-solid-vest-tie,dusty-sage-vest,https://pub-8ea0502158a94b8ca8a7abb9e18a57e8.r2.dev/main-solid-vest-tie/dusty-sage-vest.png,https://pub-8ea0502158a94b8ca8a7abb9e18a57e8.r2.dev/main-solid-vest-tie/dusty-sage-vest.png,1,no,yes
main-solid-vest-tie,emerlad-green-vest,https://pub-8ea0502158a94b8ca8a7abb9e18a57e8.r2.dev/main-solid-vest-tie/emerlad-green-vest.jpg,https://pub-8ea0502158a94b8ca8a7abb9e18a57e8.r2.dev/main-solid-vest-tie/emerlad-green-vest.jpg,1,no,yes
main-solid-vest-tie,emerlad-green=model,https://pub-8ea0502158a94b8ca8a7abb9e18a57e8.r2.dev/main-solid-vest-tie/emerlad-green=model.png,https://pub-8ea0502158a94b8ca8a7abb9e18a57e8.r2.dev/main-solid-vest-tie/emerlad-green=model.png,1,no,yes
main-solid-vest-tie,fuchsia,https://pub-8ea0502158a94b8ca8a7abb9e18a57e8.r2.dev/main-solid-vest-tie/fuchsia-model.png,https://pub-8ea0502158a94b8ca8a7abb9e18a57e8.r2.dev/main-solid-vest-tie/fuchsia-model.png,1,yes,no
main-solid-vest-tie,fuchsia-vest,https://pub-8ea0502158a94b8ca8a7abb9e18a57e8.r2.dev/main-solid-vest-tie/fuchsia-vest.jpg,https://pub-8ea0502158a94b8ca8a7abb9e18a57e8.r2.dev/main-solid-vest-tie/fuchsia-vest.jpg,1,no,yes
main-solid-vest-tie,gold,https://pub-8ea0502158a94b8ca8a7abb9e18a57e8.r2.dev/main-solid-vest-tie/gold-model.png,https://pub-8ea0502158a94b8ca8a7abb9e18a57e8.r2.dev/main-solid-vest-tie/gold-model.png,1,yes,no
main-solid-vest-tie,gold-vest,https://pub-8ea0502158a94b8ca8a7abb9e18a57e8.r2.dev/main-solid-vest-tie/gold-vest.jpg,https://pub-8ea0502158a94b8ca8a7abb9e18a57e8.r2.dev/main-solid-vest-tie/gold-vest.jpg,1,no,yes
main-solid-vest-tie,grey,https://pub-8ea0502158a94b8ca8a7abb9e18a57e8.r2.dev/main-solid-vest-tie/grey-model.png,https://pub-8ea0502158a94b8ca8a7abb9e18a57e8.r2.dev/main-solid-vest-tie/grey-model.png,1,yes,no
main-solid-vest-tie,grey-vest,https://pub-8ea0502158a94b8ca8a7abb9e18a57e8.r2.dev/main-solid-vest-tie/grey-vest.jpg,https://pub-8ea0502158a94b8ca8a7abb9e18a57e8.r2.dev/main-solid-vest-tie/grey-vest.jpg,1,no,yes
main-solid-vest-tie,hunter-green,https://pub-8ea0502158a94b8ca8a7abb9e18a57e8.r2.dev/main-solid-vest-tie/hunter-green-model.jpg,https://pub-8ea0502158a94b8ca8a7abb9e18a57e8.r2.dev/main-solid-vest-tie/hunter-green-model.jpg;https://pub-8ea0502158a94b8ca8a7abb9e18a57e8.r2.dev/main-solid-vest-tie/hunter-green-model.png,2,yes,no
main-solid-vest-tie,lilac,https://pub-8ea0502158a94b8ca8a7abb9e18a57e8.r2.dev/main-solid-vest-tie/lilac-model.png,https://pub-8ea0502158a94b8ca8a7abb9e18a57e8.r2.dev/main-solid-vest-tie/lilac-model.png,1,yes,no
main-solid-vest-tie,lilac-vest,https://pub-8ea0502158a94b8ca8a7abb9e18a57e8.r2.dev/main-solid-vest-tie/lilac-vest.jpg,https://pub-8ea0502158a94b8ca8a7abb9e18a57e8.r2.dev/main-solid-vest-tie/lilac-vest.jpg,1,no,yes
main-solid-vest-tie,mint,https://pub-8ea0502158a94b8ca8a7abb9e18a57e8.r2.dev/main-solid-vest-tie/mint-model.png,https://pub-8ea0502158a94b8ca8a7abb9e18a57e8.r2.dev/main-solid-vest-tie/mint-model.png,1,yes,no
main-solid-vest-tie,mint-vest,https://pub-8ea0502158a94b8ca8a7abb9e18a57e8.r2.dev/main-solid-vest-tie/mint-vest.jpg,https://pub-8ea0502158a94b8ca8a7abb9e18a57e8.r2.dev/main-solid-vest-tie/mint-vest.jpg,1,no,yes
main-solid-vest-tie,peach,https://pub-8ea0502158a94b8ca8a7abb9e18a57e8.r2.dev/main-solid-vest-tie/peach-model.png,https://pub-8ea0502158a94b8ca8a7abb9e18a57e8.r2.dev/main-solid-vest-tie/peach-model.png,1,yes,no
main-solid-vest-tie,peach-vest,https://pub-8ea0502158a94b8ca8a7abb9e18a57e8.r2.dev/main-solid-vest-tie/peach-vest.jpg,https://pub-8ea0502158a94b8ca8a7abb9e18a57e8.r2.dev/main-solid-vest-tie/peach-vest.jpg,1,no,yes
main-solid-vest-tie,pink-vest,https://pub-8ea0502158a94b8ca8a7abb9e18a57e8.r2.dev/main-solid-vest-tie/pink-vest-model.png,https://pub-8ea0502158a94b8ca8a7abb9e18a57e8.r2.dev/main-solid-vest-tie/pink-vest-model.png;https://pub-8ea0502158a94b8ca8a7abb9e18a57e8.r2.dev/main-solid-vest-tie/pink-vest.jpg,2,yes,no
main-solid-vest-tie,plum,https://pub-8ea0502158a94b8ca8a7abb9e18a57e8.r2.dev/main-solid-vest-tie/plum-model.png,https://pub-8ea0502158a94b8ca8a7abb9e18a57e8.r2.dev/main-solid-vest-tie/plum-model.png,1,yes,no
main-solid-vest-tie,plum-vest,https://pub-8ea0502158a94b8ca8a7abb9e18a57e8.r2.dev/main-solid-vest-tie/plum-vest.jpg,https://pub-8ea0502158a94b8ca8a7abb9e18a57e8.r2.dev/main-solid-vest-tie/plum-vest.jpg,1,no,yes
main-solid-vest-tie,powder-blue,https://pub-8ea0502158a94b8ca8a7abb9e18a57e8.r2.dev/main-solid-vest-tie/powder-blue-model.png,https://pub-8ea0502158a94b8ca8a7abb9e18a57e8.r2.dev/main-solid-vest-tie/powder-blue-model.png,1,yes,no
main-solid-vest-tie,powder-blue-vest,https://pub-8ea0502158a94b8ca8a7abb9e18a57e8.r2.dev/main-solid-vest-tie/powder-blue-vest.jpg,https://pub-8ea0502158a94b8ca8a7abb9e18a57e8.r2.dev/main-solid-vest-tie/powder-blue-vest.jpg,1,no,yes
main-solid-vest-tie,red-vest,https://pub-8ea0502158a94b8ca8a7abb9e18a57e8.r2.dev/main-solid-vest-tie/red-vest-model.png,https://pub-8ea0502158a94b8ca8a7abb9e18a57e8.r2.dev/main-solid-vest-tie/red-vest-model.png;https://pub-8ea0502158a94b8ca8a7abb9e18a57e8.r2.dev/main-solid-vest-tie/red-vest.jpg,2,yes,no
main-solid-vest-tie,rose-gold-vest,https://pub-8ea0502158a94b8ca8a7abb9e18a57e8.r2.dev/main-solid-vest-tie/rose-gold-vest.jpg,https://pub-8ea0502158a94b8ca8a7abb9e18a57e8.r2.dev/main-solid-vest-tie/rose-gold-vest.jpg;https://pub-8ea0502158a94b8ca8a7abb9e18a57e8.r2.dev/main-solid-vest-tie/rose-gold-vest.png,2,no,yes
main-solid-vest-tie,royal-blue,https://pub-8ea0502158a94b8ca8a7abb9e18a57e8.r2.dev/main-solid-vest-tie/royal-blue-model.jpg,https://pub-8ea0502158a94b8ca8a7abb9e18a57e8.r2.dev/main-solid-vest-tie/royal-blue-model.jpg;https://pub-8ea0502158a94b8ca8a7abb9e18a57e8.r2.dev/main-solid-vest-tie/royal-blue-model.png,2,yes,no
main-solid-vest-tie,Turquoise,https://pub-8ea0502158a94b8ca8a7abb9e18a57e8.r2.dev/main-solid-vest-tie/Turquoise-model.png,https://pub-8ea0502158a94b8ca8a7abb9e18a57e8.r2.dev/main-solid-vest-tie/Turquoise-model.png,1,yes,no
main-solid-vest-tie,Turquoise-vest,https://pub-8ea0502158a94b8ca8a7abb9e18a57e8.r2.dev/main-solid-vest-tie/Turquoise-vest.jpg,https://pub-8ea0502158a94b8ca8a7abb9e18a57e8.r2.dev/main-solid-vest-tie/Turquoise-vest.jpg,1,no,yes
main-solid-vest-tie,wine,https://pub-8ea0502158a94b8ca8a7abb9e18a57e8.r2.dev/main-solid-vest-tie/wine-model.png,https://pub-8ea0502158a94b8ca8a7abb9e18a57e8.r2.dev/main-solid-vest-tie/wine-model.png,1,yes,no
main-solid-vest-tie,wine-veset,https://pub-8ea0502158a94b8ca8a7abb9e18a57e8.r2.dev/main-solid-vest-tie/wine-veset.jpg,https://pub-8ea0502158a94b8ca8a7abb9e18a57e8.r2.dev/main-solid-vest-tie/wine-veset.jpg,1,no,yes
main-sparkle-vest,30-b-men-s-glitter-vest-bowtie-hanky-set,https://pub-8ea0502158a94b8ca8a7abb9e18a57e8.r2.dev/main-sparkle-vest/30-b-men-s-glitter-vest-bowtie-hanky-set.jpg,https://pub-8ea0502158a94b8ca8a7abb9e18a57e8.r2.dev/main-sparkle-vest/30-b-men-s-glitter-vest-bowtie-hanky-set.jpg,1,no,yes
main-sparkle-vest,30-i-men-s-glitter-vest-bowtie-hanky-set,https://pub-8ea0502158a94b8ca8a7abb9e18a57e8.r2.dev/main-sparkle-vest/30-i-men-s-glitter-vest-bowtie-hanky-set.jpg,https://pub-8ea0502158a94b8ca8a7abb9e18a57e8.r2.dev/main-sparkle-vest/30-i-men-s-glitter-vest-bowtie-hanky-set.jpg,1,no,yes
main-sparkle-vest,30-q-men-s-glitter-vest-bowtie-hanky-set,https://pub-8ea0502158a94b8ca8a7abb9e18a57e8.r2.dev/main-sparkle-vest/30-q-men-s-glitter-vest-bowtie-hanky-set.jpg,https://pub-8ea0502158a94b8ca8a7abb9e18a57e8.r2.dev/main-sparkle-vest/30-q-men-s-glitter-vest-bowtie-hanky-set.jpg,1,no,yes
main-sparkle-vest,30-zz-men-s-glitter-vest-bowtie-hanky-set,https://pub-8ea0502158a94b8ca8a7abb9e18a57e8.r2.dev/main-sparkle-vest/30-zz-men-s-glitter-vest-bowtie-hanky-set.jpg,https://pub-8ea0502158a94b8ca8a7abb9e18a57e8.r2.dev/main-sparkle-vest/30-zz-men-s-glitter-vest-bowtie-hanky-set.jpg,1,no,yes
main-sparkle-vest,black-sparkle-vest,https://pub-8ea0502158a94b8ca8a7abb9e18a57e8.r2.dev/main-sparkle-vest/black-sparkle-vest-model.png,https://pub-8ea0502158a94b8ca8a7abb9e18a57e8.r2.dev/main-sparkle-vest/black-sparkle-vest-model.png,1,yes,no
main-sparkle-vest,gold-sparkle-vest,https://pub-8ea0502158a94b8ca8a7abb9e18a57e8.r2.dev/main-sparkle-vest/gold-sparkle-vest-model.png,https://pub-8ea0502158a94b8ca8a7abb9e18a57e8.r2.dev/main-sparkle-vest/gold-sparkle-vest-model.png,1,yes,no
main-sparkle-vest,royal-sparkle-vest,https://pub-8ea0502158a94b8ca8a7abb9e18a57e8.r2.dev/main-sparkle-vest/royal-sparkle-vest-model.png,https://pub-8ea0502158a94b8ca8a7abb9e18a57e8.r2.dev/main-sparkle-vest/royal-sparkle-vest-model.png,1,yes,no
main-sparkle-vest,silver-sparkle-vest,https://pub-8ea0502158a94b8ca8a7abb9e18a57e8.r2.dev/main-sparkle-vest/silver-sparkle-vest-model.png,https://pub-8ea0502158a94b8ca8a7abb9e18a57e8.r2.dev/main-sparkle-vest/silver-sparkle-vest-model.png,1,yes,no
main-suspender-bowtie-set,20250803_0339_Stylish Formal Accessories_remix_01k1qdvxc3emd96chtgx0jr6jm,https://pub-8ea0502158a94b8ca8a7abb9e18a57e8.r2.dev/main-suspender-bowtie-set/20250803_0339_Stylish Formal Accessories_remix_01k1qdvxc3emd96chtgx0jr6jm.png,https://pub-8ea0502158a94b8ca8a7abb9e18a57e8.r2.dev/main-suspender-bowtie-set/20250803_0339_Stylish Formal Accessories_remix_01k1qdvxc3emd96chtgx0jr6jm.png,1,no,yes
main-suspender-bowtie-set,black,https://pub-8ea0502158a94b8ca8a7abb9e18a57e8.r2.dev/main-suspender-bowtie-set/black-model.png,https://pub-8ea0502158a94b8ca8a7abb9e18a57e8.r2.dev/main-suspender-bowtie-set/black-model.png,1,yes,no
main-suspender-bowtie-set,brown-sus-bowtie,https://pub-8ea0502158a94b8ca8a7abb9e18a57e8.r2.dev/main-suspender-bowtie-set/brown-model-sus-bowtie.png,https://pub-8ea0502158a94b8ca8a7abb9e18a57e8.r2.dev/main-suspender-bowtie-set/brown-model-sus-bowtie.png;https://pub-8ea0502158a94b8ca8a7abb9e18a57e8.r2.dev/main-suspender-bowtie-set/brown-sus-bowtie.jpg,2,yes,no
main-suspender-bowtie-set,burnt-orange,https://pub-8ea0502158a94b8ca8a7abb9e18a57e8.r2.dev/main-suspender-bowtie-set/burnt-orange-model.png,https://pub-8ea0502158a94b8ca8a7abb9e18a57e8.r2.dev/main-suspender-bowtie-set/burnt-orange-model.png;https://pub-8ea0502158a94b8ca8a7abb9e18a57e8.r2.dev/main-suspender-bowtie-set/burnt-orange.jpg,2,yes,no
main-suspender-bowtie-set,dusty-rose,https://pub-8ea0502158a94b8ca8a7abb9e18a57e8.r2.dev/main-suspender-bowtie-set/dusty-rose-model.png,https://pub-8ea0502158a94b8ca8a7abb9e18a57e8.r2.dev/main-suspender-bowtie-set/dusty-rose-model.png,1,yes,no
main-suspender-bowtie-set,dusty-rose-sus-,https://pub-8ea0502158a94b8ca8a7abb9e18a57e8.r2.dev/main-suspender-bowtie-set/dusty-rose-sus-.jpg,https://pub-8ea0502158a94b8ca8a7abb9e18a57e8.r2.dev/main-suspender-bowtie-set/dusty-rose-sus-.jpg,1,no,yes
main-suspender-bowtie-set,fuchsia-sus-bowtie,https://pub-8ea0502158a94b8ca8a7abb9e18a57e8.r2.dev/main-suspender-bowtie-set/fuchsia-model-sus-bowtie.png,https://pub-8ea0502158a94b8ca8a7abb9e18a57e8.r2.dev/main-suspender-bowtie-set/fuchsia-model-sus-bowtie.png;https://pub-8ea0502158a94b8ca8a7abb9e18a57e8.r2.dev/main-suspender-bowtie-set/fuchsia-sus-bowtie.jpg,2,yes,no
main-suspender-bowtie-set,gold-sus-bowtie,https://pub-8ea0502158a94b8ca8a7abb9e18a57e8.r2.dev/main-suspender-bowtie-set/gold-sus-bowtie-model.png,https://pub-8ea0502158a94b8ca8a7abb9e18a57e8.r2.dev/main-suspender-bowtie-set/gold-sus-bowtie-model.png;https://pub-8ea0502158a94b8ca8a7abb9e18a57e8.r2.dev/main-suspender-bowtie-set/gold-sus-bowtie.jpg,2,yes,no
main-suspender-bowtie-set,hunter-green,https://pub-8ea0502158a94b8ca8a7abb9e18a57e8.r2.dev/main-suspender-bowtie-set/hunter-green-model.png,https://pub-8ea0502158a94b8ca8a7abb9e18a57e8.r2.dev/main-suspender-bowtie-set/hunter-green-model.png,1,yes,no
main-suspender-bowtie-set,hunter-green-sus-bow-tie,https://pub-8ea0502158a94b8ca8a7abb9e18a57e8.r2.dev/main-suspender-bowtie-set/hunter-green-sus-bow-tie.jpg,https://pub-8ea0502158a94b8ca8a7abb9e18a57e8.r2.dev/main-suspender-bowtie-set/hunter-green-sus-bow-tie.jpg,1,no,yes
main-suspender-bowtie-set,medium-red-sus-bowtie,https://pub-8ea0502158a94b8ca8a7abb9e18a57e8.r2.dev/main-suspender-bowtie-set/medium-red-sus-bowtie-model-2.png,https://pub-8ea0502158a94b8ca8a7abb9e18a57e8.r2.dev/main-suspender-bowtie-set/medium-red-sus-bowtie-model-2.png;https://pub-8ea0502158a94b8ca8a7abb9e18a57e8.r2.dev/main-suspender-bowtie-set/medium-red-sus-bowtie-model.png;https://pub-8ea0502158a94b8ca8a7abb9e18a57e8.r2.dev/main-suspender-bowtie-set/medium-red-sus-bowtie.jpg,3,yes,no
main-suspender-bowtie-set,orange,https://pub-8ea0502158a94b8ca8a7abb9e18a57e8.r2.dev/main-suspender-bowtie-set/orange-model.png,https://pub-8ea0502158a94b8ca8a7abb9e18a57e8.r2.dev/main-suspender-bowtie-set/orange-model.png,1,yes,no
main-suspender-bowtie-set,orange-sus-bowtie,https://pub-8ea0502158a94b8ca8a7abb9e18a57e8.r2.dev/main-suspender-bowtie-set/orange-sus-bowtie.jpg,https://pub-8ea0502158a94b8ca8a7abb9e18a57e8.r2.dev/main-suspender-bowtie-set/orange-sus-bowtie.jpg,1,no,yes
main-suspender-bowtie-set,powder-blue,https://pub-8ea0502158a94b8ca8a7abb9e18a57e8.r2.dev/main-suspender-bowtie-set/powder-blue-model-2.png,https://pub-8ea0502158a94b8ca8a7abb9e18a57e8.r2.dev/main-suspender-bowtie-set/powder-blue-model-2.png;https://pub-8ea0502158a94b8ca8a7abb9e18a57e8.r2.dev/main-suspender-bowtie-set/powder-blue-model.png,2,yes,no
main-suspender-bowtie-set,powder-blue-sus-bowtie,https://pub-8ea0502158a94b8ca8a7abb9e18a57e8.r2.dev/main-suspender-bowtie-set/powder-blue-sus-bowtie.jpg,https://pub-8ea0502158a94b8ca8a7abb9e18a57e8.r2.dev/main-suspender-bowtie-set/powder-blue-sus-bowtie.jpg,1,no,yes
main-suspender-bowtie-set,sbh10-suspender-sets-convertible-clipbutton,https://pub-8ea0502158a94b8ca8a7abb9e18a57e8.r2.dev/main-suspender-bowtie-set/sbh10-suspender-sets-convertible-clipbutton-35.jpg,https://pub-8ea0502158a94b8ca8a7abb9e18a57e8.r2.dev/main-suspender-bowtie-set/sbh10-suspender-sets-convertible-clipbutton-35.jpg,1,no,yes
prom_blazer,mens_black_floral_pattern_prom_blazer,https://pub-8ea0502158a94b8ca8a7abb9e18a57e8.r2.dev/prom_blazer/mens_black_floral_pattern_prom_blazer_model_1009.webp,https://pub-8ea0502158a94b8ca8a7abb9e18a57e8.r2.dev/prom_blazer/mens_black_floral_pattern_prom_blazer_model_1009.webp,1,yes,no
prom_blazer,mens_black_floral_pattern_prom_blazer_2025,https://pub-8ea0502158a94b8ca8a7abb9e18a57e8.r2.dev/prom_blazer/mens_black_floral_pattern_prom_blazer_2025_1000.webp,https://pub-8ea0502158a94b8ca8a7abb9e18a57e8.r2.dev/prom_blazer/mens_black_floral_pattern_prom_blazer_2025_1000.webp;https://pub-8ea0502158a94b8ca8a7abb9e18a57e8.r2.dev/prom_blazer/mens_black_floral_pattern_prom_blazer_2025_1001.webp;https://pub-8ea0502158a94b8ca8a7abb9e18a57e8.r2.dev/prom_blazer/mens_black_floral_pattern_prom_blazer_2025_1009.webp;https://pub-8ea0502158a94b8ca8a7abb9e18a57e8.r2.dev/prom_blazer/mens_black_floral_pattern_prom_blazer_2025_1010.webp;https://pub-8ea0502158a94b8ca8a7abb9e18a57e8.r2.dev/prom_blazer/mens_black_floral_pattern_prom_blazer_2025_1011.webp;https://pub-8ea0502158a94b8ca8a7abb9e18a57e8.r2.dev/prom_blazer/mens_black_floral_pattern_prom_blazer_2025_1012.webp;https://pub-8ea0502158a94b8ca8a7abb9e18a57e8.r2.dev/prom_blazer/mens_black_floral_pattern_prom_blazer_2025_1013.webp,7,no,yes
prom_blazer,mens_black_floral_pattern_prom_blazer_lifestyle,https://pub-8ea0502158a94b8ca8a7abb9e18a57e8.r2.dev/prom_blazer/mens_black_floral_pattern_prom_blazer_model_lifestyle_1009.webp,https://pub-8ea0502158a94b8ca8a7abb9e18a57e8.r2.dev/prom_blazer/mens_black_floral_pattern_prom_blazer_model_lifestyle_1009.webp,1,yes,no
prom_blazer,mens_black_geometric_pattern_prom_blazer_2025,https://pub-8ea0502158a94b8ca8a7abb9e18a57e8.r2.dev/prom_blazer/mens_black_geometric_pattern_prom_blazer_2025_1010.webp,https://pub-8ea0502158a94b8ca8a7abb9e18a57e8.r2.dev/prom_blazer/mens_black_geometric_pattern_prom_blazer_2025_1010.webp;https://pub-8ea0502158a94b8ca8a7abb9e18a57e8.r2.dev/prom_blazer/mens_black_geometric_pattern_prom_blazer_2025_1016.webp,2,no,yes
prom_blazer,mens_black_glitter_finish_prom_blazer_shawl_lapel_2025,https://pub-8ea0502158a94b8ca8a7abb9e18a57e8.r2.dev/prom_blazer/mens_black_glitter_finish_prom_blazer_shawl_lapel_2025_1004.webp,https://pub-8ea0502158a94b8ca8a7abb9e18a57e8.r2.dev/prom_blazer/mens_black_glitter_finish_prom_blazer_shawl_lapel_2025_1004.webp;https://pub-8ea0502158a94b8ca8a7abb9e18a57e8.r2.dev/prom_blazer/mens_black_glitter_finish_prom_blazer_shawl_lapel_2025_1005.webp,2,no,yes
prom_blazer,mens_black_prom_blazer_with_bowtie_2025,https://pub-8ea0502158a94b8ca8a7abb9e18a57e8.r2.dev/prom_blazer/mens_black_prom_blazer_with_bowtie_2025_1015.webp,https://pub-8ea0502158a94b8ca8a7abb9e18a57e8.r2.dev/prom_blazer/mens_black_prom_blazer_with_bowtie_2025_1015.webp,1,no,yes
prom_blazer,mens_black_solid_prom_blazer,https://pub-8ea0502158a94b8ca8a7abb9e18a57e8.r2.dev/prom_blazer/mens_black_solid_prom_blazer_model_1015.webp,https://pub-8ea0502158a94b8ca8a7abb9e18a57e8.r2.dev/prom_blazer/mens_black_solid_prom_blazer_model_1015.webp,1,yes,no
prom_blazer,mens_burgundy_floral_pattern_prom_blazer,https://pub-8ea0502158a94b8ca8a7abb9e18a57e8.r2.dev/prom_blazer/mens_burgundy_floral_pattern_prom_blazer_model_1011.webp,https://pub-8ea0502158a94b8ca8a7abb9e18a57e8.r2.dev/prom_blazer/mens_burgundy_floral_pattern_prom_blazer_model_1011.webp,1,yes,no
prom_blazer,mens_burgundy_floral_pattern_prom_blazer_2025,https://pub-8ea0502158a94b8ca8a7abb9e18a57e8.r2.dev/prom_blazer/mens_burgundy_floral_pattern_prom_blazer_2025_1011.webp,https://pub-8ea0502158a94b8ca8a7abb9e18a57e8.r2.dev/prom_blazer/mens_burgundy_floral_pattern_prom_blazer_2025_1011.webp;https://pub-8ea0502158a94b8ca8a7abb9e18a57e8.r2.dev/prom_blazer/mens_burgundy_floral_pattern_prom_blazer_2025_1012.webp;https://pub-8ea0502158a94b8ca8a7abb9e18a57e8.r2.dev/prom_blazer/mens_burgundy_floral_pattern_prom_blazer_2025_1013.webp,3,no,yes
prom_blazer,mens_burgundy_paisley_pattern_prom_blazer,https://pub-8ea0502158a94b8ca8a7abb9e18a57e8.r2.dev/prom_blazer/mens_burgundy_paisley_pattern_prom_blazer_model_1007.webp,https://pub-8ea0502158a94b8ca8a7abb9e18a57e8.r2.dev/prom_blazer/mens_burgundy_paisley_pattern_prom_blazer_model_1007.webp,1,yes,no
prom_blazer,mens_burgundy_paisley_pattern_prom_blazer_with_bowtie_2025,https://pub-8ea0502158a94b8ca8a7abb9e18a57e8.r2.dev/prom_blazer/mens_burgundy_paisley_pattern_prom_blazer_with_bowtie_2025_1007.webp,https://pub-8ea0502158a94b8ca8a7abb9e18a57e8.r2.dev/prom_blazer/mens_burgundy_paisley_pattern_prom_blazer_with_bowtie_2025_1007.webp,1,no,yes
prom_blazer,mens_gold_paisley_pattern_prom_blazer_with_bowtie_2025,https://pub-8ea0502158a94b8ca8a7abb9e18a57e8.r2.dev/prom_blazer/mens_gold_paisley_pattern_prom_blazer_with_bowtie_2025_1019.webp,https://pub-8ea0502158a94b8ca8a7abb9e18a57e8.r2.dev/prom_blazer/mens_gold_paisley_pattern_prom_blazer_with_bowtie_2025_1019.webp,1,no,yes
prom_blazer,mens_gold_prom_blazer_2025,https://pub-8ea0502158a94b8ca8a7abb9e18a57e8.r2.dev/prom_blazer/mens_gold_prom_blazer_2025_1006.webp,https://pub-8ea0502158a94b8ca8a7abb9e18a57e8.r2.dev/prom_blazer/mens_gold_prom_blazer_2025_1006.webp;https://pub-8ea0502158a94b8ca8a7abb9e18a57e8.r2.dev/prom_blazer/mens_gold_prom_blazer_2025_1007.webp;https://pub-8ea0502158a94b8ca8a7abb9e18a57e8.r2.dev/prom_blazer/mens_gold_prom_blazer_2025_1008.webp;https://pub-8ea0502158a94b8ca8a7abb9e18a57e8.r2.dev/prom_blazer/mens_gold_prom_blazer_2025_1009.webp,4,no,yes
prom_blazer,mens_navy_printed_design_prom_blazer,https://pub-8ea0502158a94b8ca8a7abb9e18a57e8.r2.dev/prom_blazer/mens_navy_printed_design_prom_blazer_model_1013.webp,https://pub-8ea0502158a94b8ca8a7abb9e18a57e8.r2.dev/prom_blazer/mens_navy_printed_design_prom_blazer_model_1013.webp,1,yes,no
prom_blazer,mens_navy_printed_design_prom_blazer_2025,https://pub-8ea0502158a94b8ca8a7abb9e18a57e8.r2.dev/prom_blazer/mens_navy_printed_design_prom_blazer_2025_1013.webp,https://pub-8ea0502158a94b8ca8a7abb9e18a57e8.r2.dev/prom_blazer/mens_navy_printed_design_prom_blazer_2025_1013.webp;https://pub-8ea0502158a94b8ca8a7abb9e18a57e8.r2.dev/prom_blazer/mens_navy_printed_design_prom_blazer_2025_1014.webp;https://pub-8ea0502158a94b8ca8a7abb9e18a57e8.r2.dev/prom_blazer/mens_navy_printed_design_prom_blazer_2025_1015.webp;https://pub-8ea0502158a94b8ca8a7abb9e18a57e8.r2.dev/prom_blazer/mens_navy_printed_design_prom_blazer_2025_1016.webp,4,no,yes
prom_blazer,mens_pink_floral_pattern_prom_blazer_2025,https://pub-8ea0502158a94b8ca8a7abb9e18a57e8.r2.dev/prom_blazer/mens_pink_floral_pattern_prom_blazer_2025_1008.webp,https://pub-8ea0502158a94b8ca8a7abb9e18a57e8.r2.dev/prom_blazer/mens_pink_floral_pattern_prom_blazer_2025_1008.webp;https://pub-8ea0502158a94b8ca8a7abb9e18a57e8.r2.dev/prom_blazer/mens_pink_floral_pattern_prom_blazer_2025_1009.webp;https://pub-8ea0502158a94b8ca8a7abb9e18a57e8.r2.dev/prom_blazer/mens_pink_floral_pattern_prom_blazer_2025_1010.webp,3,no,yes
prom_blazer,mens_red_floral_pattern_prom_blazer,https://pub-8ea0502158a94b8ca8a7abb9e18a57e8.r2.dev/prom_blazer/mens_red_floral_pattern_prom_blazer_model_1018.webp,https://pub-8ea0502158a94b8ca8a7abb9e18a57e8.r2.dev/prom_blazer/mens_red_floral_pattern_prom_blazer_model_1018.webp,1,yes,no
prom_blazer,mens_red_floral_pattern_prom_blazer_2025,https://pub-8ea0502158a94b8ca8a7abb9e18a57e8.r2.dev/prom_blazer/mens_red_floral_pattern_prom_blazer_2025_1001.webp,https://pub-8ea0502158a94b8ca8a7abb9e18a57e8.r2.dev/prom_blazer/mens_red_floral_pattern_prom_blazer_2025_1001.webp;https://pub-8ea0502158a94b8ca8a7abb9e18a57e8.r2.dev/prom_blazer/mens_red_floral_pattern_prom_blazer_2025_1002.webp,2,no,yes
prom_blazer,mens_red_floral_pattern_prom_blazer_with_bowtie_2025,https://pub-8ea0502158a94b8ca8a7abb9e18a57e8.r2.dev/prom_blazer/mens_red_floral_pattern_prom_blazer_with_bowtie_2025_1018.webp,https://pub-8ea0502158a94b8ca8a7abb9e18a57e8.r2.dev/prom_blazer/mens_red_floral_pattern_prom_blazer_with_bowtie_2025_1018.webp,1,no,yes
prom_blazer,mens_red_prom_blazer_with_bowtie_2025,https://pub-8ea0502158a94b8ca8a7abb9e18a57e8.r2.dev/prom_blazer/mens_red_prom_blazer_with_bowtie_2025_1014.webp,https://pub-8ea0502158a94b8ca8a7abb9e18a57e8.r2.dev/prom_blazer/mens_red_prom_blazer_with_bowtie_2025_1014.webp,1,no,yes
prom_blazer,mens_red_solid_prom_blazer,https://pub-8ea0502158a94b8ca8a7abb9e18a57e8.r2.dev/prom_blazer/mens_red_solid_prom_blazer_model_1014.webp,https://pub-8ea0502158a94b8ca8a7abb9e18a57e8.r2.dev/prom_blazer/mens_red_solid_prom_blazer_model_1014.webp,1,yes,no
prom_blazer,mens_royal_blue_solid_prom_blazer,https://pub-8ea0502158a94b8ca8a7abb9e18a57e8.r2.dev/prom_blazer/mens_royal_blue_solid_prom_blazer_model_1017.webp,https://pub-8ea0502158a94b8ca8a7abb9e18a57e8.r2.dev/prom_blazer/mens_royal_blue_solid_prom_blazer_model_1017.webp,1,yes,no
prom_blazer,mens_royal-blue_embellished_design_prom_blazer_2025,https://pub-8ea0502158a94b8ca8a7abb9e18a57e8.r2.dev/prom_blazer/mens_royal-blue_embellished_design_prom_blazer_2025_1003.webp,https://pub-8ea0502158a94b8ca8a7abb9e18a57e8.r2.dev/prom_blazer/mens_royal-blue_embellished_design_prom_blazer_2025_1003.webp;https://pub-8ea0502158a94b8ca8a7abb9e18a57e8.r2.dev/prom_blazer/mens_royal-blue_embellished_design_prom_blazer_2025_1020.webp,2,no,yes
prom_blazer,mens_royal-blue_prom_blazer_with_bowtie_2025,https://pub-8ea0502158a94b8ca8a7abb9e18a57e8.r2.dev/prom_blazer/mens_royal-blue_prom_blazer_with_bowtie_2025_1017.webp,https://pub-8ea0502158a94b8ca8a7abb9e18a57e8.r2.dev/prom_blazer/mens_royal-blue_prom_blazer_with_bowtie_2025_1017.webp,1,no,yes
prom_blazer,mens_teal_floral_pattern_prom_blazer_2025,https://pub-8ea0502158a94b8ca8a7abb9e18a57e8.r2.dev/prom_blazer/mens_teal_floral_pattern_prom_blazer_2025_1005.webp,https://pub-8ea0502158a94b8ca8a7abb9e18a57e8.r2.dev/prom_blazer/mens_teal_floral_pattern_prom_blazer_2025_1005.webp;https://pub-8ea0502158a94b8ca8a7abb9e18a57e8.r2.dev/prom_blazer/mens_teal_floral_pattern_prom_blazer_2025_1006.webp;https://pub-8ea0502158a94b8ca8a7abb9e18a57e8.r2.dev/prom_blazer/mens_teal_floral_pattern_prom_blazer_2025_1007.webp,3,no,yes
prom_blazer,mens_white_prom_blazer_with_bowtie_2025,https://pub-8ea0502158a94b8ca8a7abb9e18a57e8.r2.dev/prom_blazer/mens_white_prom_blazer_with_bowtie_2025_1012.webp,https://pub-8ea0502158a94b8ca8a7abb9e18a57e8.r2.dev/prom_blazer/mens_white_prom_blazer_with_bowtie_2025_1012.webp;https://pub-8ea0502158a94b8ca8a7abb9e18a57e8.r2.dev/prom_blazer/mens_white_prom_blazer_with_bowtie_2025_1021.webp,2,no,yes
prom_blazer,mens_white_rhinestone_embellished_prom_blazer_shawl_lapel_2025,https://pub-8ea0502158a94b8ca8a7abb9e18a57e8.r2.dev/prom_blazer/mens_white_rhinestone_embellished_prom_blazer_shawl_lapel_2025_1002.webp,https://pub-8ea0502158a94b8ca8a7abb9e18a57e8.r2.dev/prom_blazer/mens_white_rhinestone_embellished_prom_blazer_shawl_lapel_2025_1002.webp;https://pub-8ea0502158a94b8ca8a7abb9e18a57e8.r2.dev/prom_blazer/mens_white_rhinestone_embellished_prom_blazer_shawl_lapel_2025_1003.webp,2,no,yes
sparkle-blazer,mens_black_glitter_finish_sparkle,https://pub-8ea0502158a94b8ca8a7abb9e18a57e8.r2.dev/sparkle-blazer/mens_black_glitter_finish_sparkle_model_1030.webp,https://pub-8ea0502158a94b8ca8a7abb9e18a57e8.r2.dev/sparkle-blazer/mens_black_glitter_finish_sparkle_model_1030.webp,1,yes,no
sparkle-blazer,mens_black_glitter_finish_sparkle_blazer_2025,https://pub-8ea0502158a94b8ca8a7abb9e18a57e8.r2.dev/sparkle-blazer/mens_black_glitter_finish_sparkle_blazer_2025_1030.webp,https://pub-8ea0502158a94b8ca8a7abb9e18a57e8.r2.dev/sparkle-blazer/mens_black_glitter_finish_sparkle_blazer_2025_1030.webp;https://pub-8ea0502158a94b8ca8a7abb9e18a57e8.r2.dev/sparkle-blazer/mens_black_glitter_finish_sparkle_blazer_2025_1031.webp;https://pub-8ea0502158a94b8ca8a7abb9e18a57e8.r2.dev/sparkle-blazer/mens_black_glitter_finish_sparkle_blazer_2025_1032.webp,3,no,yes
sparkle-blazer,mens_black_sparkle_texture_sparkle_blazer_2025,https://pub-8ea0502158a94b8ca8a7abb9e18a57e8.r2.dev/sparkle-blazer/mens_black_sparkle_texture_sparkle_blazer_2025_1032.webp,https://pub-8ea0502158a94b8ca8a7abb9e18a57e8.r2.dev/sparkle-blazer/mens_black_sparkle_texture_sparkle_blazer_2025_1032.webp;https://pub-8ea0502158a94b8ca8a7abb9e18a57e8.r2.dev/sparkle-blazer/mens_black_sparkle_texture_sparkle_blazer_2025_1036.webp;https://pub-8ea0502158a94b8ca8a7abb9e18a57e8.r2.dev/sparkle-blazer/mens_black_sparkle_texture_sparkle_blazer_2025_1047.webp;https://pub-8ea0502158a94b8ca8a7abb9e18a57e8.r2.dev/sparkle-blazer/mens_black_sparkle_texture_sparkle_blazer_2025_1053.webp,4,no,yes
sparkle-blazer,mens_blue_sparkle_blazer_2025,https://pub-8ea0502158a94b8ca8a7abb9e18a57e8.r2.dev/sparkle-blazer/mens_blue_sparkle_blazer_2025_1034.webp,https://pub-8ea0502158a94b8ca8a7abb9e18a57e8.r2.dev/sparkle-blazer/mens_blue_sparkle_blazer_2025_1034.webp,1,no,yes
sparkle-blazer,mens_blue_sparkle_blazer_shawl_lapel_2025,https://pub-8ea0502158a94b8ca8a7abb9e18a57e8.r2.dev/sparkle-blazer/mens_blue_sparkle_blazer_shawl_lapel_2025_1054.webp,https://pub-8ea0502158a94b8ca8a7abb9e18a57e8.r2.dev/sparkle-blazer/mens_blue_sparkle_blazer_shawl_lapel_2025_1054.webp;https://pub-8ea0502158a94b8ca8a7abb9e18a57e8.r2.dev/sparkle-blazer/mens_blue_sparkle_blazer_shawl_lapel_2025_1055.webp,2,no,yes
sparkle-blazer,mens_burgundy_glitter_finish_sparkle,https://pub-8ea0502158a94b8ca8a7abb9e18a57e8.r2.dev/sparkle-blazer/mens_burgundy_glitter_finish_sparkle_model_1046.webp,https://pub-8ea0502158a94b8ca8a7abb9e18a57e8.r2.dev/sparkle-blazer/mens_burgundy_glitter_finish_sparkle_model_1046.webp,1,yes,no
sparkle-blazer,mens_burgundy_glitter_finish_sparkle_blazer_2025,https://pub-8ea0502158a94b8ca8a7abb9e18a57e8.r2.dev/sparkle-blazer/mens_burgundy_glitter_finish_sparkle_blazer_2025_1040.webp,https://pub-8ea0502158a94b8ca8a7abb9e18a57e8.r2.dev/sparkle-blazer/mens_burgundy_glitter_finish_sparkle_blazer_2025_1040.webp;https://pub-8ea0502158a94b8ca8a7abb9e18a57e8.r2.dev/sparkle-blazer/mens_burgundy_glitter_finish_sparkle_blazer_2025_1046.webp;https://pub-8ea0502158a94b8ca8a7abb9e18a57e8.r2.dev/sparkle-blazer/mens_burgundy_glitter_finish_sparkle_blazer_2025_1047.webp;https://pub-8ea0502158a94b8ca8a7abb9e18a57e8.r2.dev/sparkle-blazer/mens_burgundy_glitter_finish_sparkle_blazer_2025_1048.webp,4,no,yes
sparkle-blazer,mens_burgundy_sparkle_texture_sparkle_blazer_2025,https://pub-8ea0502158a94b8ca8a7abb9e18a57e8.r2.dev/sparkle-blazer/mens_burgundy_sparkle_texture_sparkle_blazer_2025_1041.webp,https://pub-8ea0502158a94b8ca8a7abb9e18a57e8.r2.dev/sparkle-blazer/mens_burgundy_sparkle_texture_sparkle_blazer_2025_1041.webp;https://pub-8ea0502158a94b8ca8a7abb9e18a57e8.r2.dev/sparkle-blazer/mens_burgundy_sparkle_texture_sparkle_blazer_2025_1042.webp;https://pub-8ea0502158a94b8ca8a7abb9e18a57e8.r2.dev/sparkle-blazer/mens_burgundy_sparkle_texture_sparkle_blazer_2025_1043.webp;https://pub-8ea0502158a94b8ca8a7abb9e18a57e8.r2.dev/sparkle-blazer/mens_burgundy_sparkle_texture_sparkle_blazer_2025_1044.webp;https://pub-8ea0502158a94b8ca8a7abb9e18a57e8.r2.dev/sparkle-blazer/mens_burgundy_sparkle_texture_sparkle_blazer_2025_1052.webp,5,no,yes
sparkle-blazer,mens_gold_baroque_pattern_sparkle_blazer_2025,https://pub-8ea0502158a94b8ca8a7abb9e18a57e8.r2.dev/sparkle-blazer/mens_gold_baroque_pattern_sparkle_blazer_2025_1048.webp,https://pub-8ea0502158a94b8ca8a7abb9e18a57e8.r2.dev/sparkle-blazer/mens_gold_baroque_pattern_sparkle_blazer_2025_1048.webp;https://pub-8ea0502158a94b8ca8a7abb9e18a57e8.r2.dev/sparkle-blazer/mens_gold_baroque_pattern_sparkle_blazer_2025_1050.webp,2,no,yes
sparkle-blazer,mens_gold_glitter_finish_sparkle_blazer_2025,https://pub-8ea0502158a94b8ca8a7abb9e18a57e8.r2.dev/sparkle-blazer/mens_gold_glitter_finish_sparkle_blazer_2025_1037.webp,https://pub-8ea0502158a94b8ca8a7abb9e18a57e8.r2.dev/sparkle-blazer/mens_gold_glitter_finish_sparkle_blazer_2025_1037.webp;https://pub-8ea0502158a94b8ca8a7abb9e18a57e8.r2.dev/sparkle-blazer/mens_gold_glitter_finish_sparkle_blazer_2025_1039.webp;https://pub-8ea0502158a94b8ca8a7abb9e18a57e8.r2.dev/sparkle-blazer/mens_gold_glitter_finish_sparkle_blazer_2025_1040.webp;https://pub-8ea0502158a94b8ca8a7abb9e18a57e8.r2.dev/sparkle-blazer/mens_gold_glitter_finish_sparkle_blazer_2025_1049.webp,4,no,yes
sparkle-blazer,mens_gold_sparkle_texture_sparkle_blazer_2025,https://pub-8ea0502158a94b8ca8a7abb9e18a57e8.r2.dev/sparkle-blazer/mens_gold_sparkle_texture_sparkle_blazer_2025_1031.webp,https://pub-8ea0502158a94b8ca8a7abb9e18a57e8.r2.dev/sparkle-blazer/mens_gold_sparkle_texture_sparkle_blazer_2025_1031.webp;https://pub-8ea0502158a94b8ca8a7abb9e18a57e8.r2.dev/sparkle-blazer/mens_gold_sparkle_texture_sparkle_blazer_2025_1032.webp;https://pub-8ea0502158a94b8ca8a7abb9e18a57e8.r2.dev/sparkle-blazer/mens_gold_sparkle_texture_sparkle_blazer_2025_1033.webp;https://pub-8ea0502158a94b8ca8a7abb9e18a57e8.r2.dev/sparkle-blazer/mens_gold_sparkle_texture_sparkle_blazer_2025_1034.webp;https://pub-8ea0502158a94b8ca8a7abb9e18a57e8.r2.dev/sparkle-blazer/mens_gold_sparkle_texture_sparkle_blazer_2025_1035.webp,5,no,yes
sparkle-blazer,mens_green_glitter_finish_sparkle_blazer_2025,https://pub-8ea0502158a94b8ca8a7abb9e18a57e8.r2.dev/sparkle-blazer/mens_green_glitter_finish_sparkle_blazer_2025_1033.webp,https://pub-8ea0502158a94b8ca8a7abb9e18a57e8.r2.dev/sparkle-blazer/mens_green_glitter_finish_sparkle_blazer_2025_1033.webp;https://pub-8ea0502158a94b8ca8a7abb9e18a57e8.r2.dev/sparkle-blazer/mens_green_glitter_finish_sparkle_blazer_2025_1034.webp;https://pub-8ea0502158a94b8ca8a7abb9e18a57e8.r2.dev/sparkle-blazer/mens_green_glitter_finish_sparkle_blazer_2025_1035.webp;https://pub-8ea0502158a94b8ca8a7abb9e18a57e8.r2.dev/sparkle-blazer/mens_green_glitter_finish_sparkle_blazer_2025_1036.webp;https://pub-8ea0502158a94b8ca8a7abb9e18a57e8.r2.dev/sparkle-blazer/mens_green_glitter_finish_sparkle_blazer_2025_1037.webp,5,no,yes
sparkle-blazer,mens_green_sparkle_texture_sparkle_blazer_2025,https://pub-8ea0502158a94b8ca8a7abb9e18a57e8.r2.dev/sparkle-blazer/mens_green_sparkle_texture_sparkle_blazer_2025_1029.webp,https://pub-8ea0502158a94b8ca8a7abb9e18a57e8.r2.dev/sparkle-blazer/mens_green_sparkle_texture_sparkle_blazer_2025_1029.webp;https://pub-8ea0502158a94b8ca8a7abb9e18a57e8.r2.dev/sparkle-blazer/mens_green_sparkle_texture_sparkle_blazer_2025_1030.webp;https://pub-8ea0502158a94b8ca8a7abb9e18a57e8.r2.dev/sparkle-blazer/mens_green_sparkle_texture_sparkle_blazer_2025_1031.webp;https://pub-8ea0502158a94b8ca8a7abb9e18a57e8.r2.dev/sparkle-blazer/mens_green_sparkle_texture_sparkle_blazer_2025_1032.webp;https://pub-8ea0502158a94b8ca8a7abb9e18a57e8.r2.dev/sparkle-blazer/mens_green_sparkle_texture_sparkle_blazer_2025_1033.webp,5,no,yes
sparkle-blazer,mens_navy_glitter_finish_sparkle_blazer_2025,https://pub-8ea0502158a94b8ca8a7abb9e18a57e8.r2.dev/sparkle-blazer/mens_navy_glitter_finish_sparkle_blazer_2025_1038.webp,https://pub-8ea0502158a94b8ca8a7abb9e18a57e8.r2.dev/sparkle-blazer/mens_navy_glitter_finish_sparkle_blazer_2025_1038.webp;https://pub-8ea0502158a94b8ca8a7abb9e18a57e8.r2.dev/sparkle-blazer/mens_navy_glitter_finish_sparkle_blazer_2025_1039.webp;https://pub-8ea0502158a94b8ca8a7abb9e18a57e8.r2.dev/sparkle-blazer/mens_navy_glitter_finish_sparkle_blazer_2025_1040.webp;https://pub-8ea0502158a94b8ca8a7abb9e18a57e8.r2.dev/sparkle-blazer/mens_navy_glitter_finish_sparkle_blazer_2025_1041.webp,4,no,yes
sparkle-blazer,mens_navy_sparkle_texture_sparkle_blazer_2025,https://pub-8ea0502158a94b8ca8a7abb9e18a57e8.r2.dev/sparkle-blazer/mens_navy_sparkle_texture_sparkle_blazer_2025_1035.webp,https://pub-8ea0502158a94b8ca8a7abb9e18a57e8.r2.dev/sparkle-blazer/mens_navy_sparkle_texture_sparkle_blazer_2025_1035.webp;https://pub-8ea0502158a94b8ca8a7abb9e18a57e8.r2.dev/sparkle-blazer/mens_navy_sparkle_texture_sparkle_blazer_2025_1036.webp;https://pub-8ea0502158a94b8ca8a7abb9e18a57e8.r2.dev/sparkle-blazer/mens_navy_sparkle_texture_sparkle_blazer_2025_1044.webp;https://pub-8ea0502158a94b8ca8a7abb9e18a57e8.r2.dev/sparkle-blazer/mens_navy_sparkle_texture_sparkle_blazer_2025_1051.webp,4,no,yes
sparkle-blazer,mens_red_glitter_finish_sparkle_blazer_2025,https://pub-8ea0502158a94b8ca8a7abb9e18a57e8.r2.dev/sparkle-blazer/mens_red_glitter_finish_sparkle_blazer_2025_1042.webp,https://pub-8ea0502158a94b8ca8a7abb9e18a57e8.r2.dev/sparkle-blazer/mens_red_glitter_finish_sparkle_blazer_2025_1042.webp;https://pub-8ea0502158a94b8ca8a7abb9e18a57e8.r2.dev/sparkle-blazer/mens_red_glitter_finish_sparkle_blazer_2025_1043.webp,2,no,yes
sparkle-blazer,mens_royal-blue_sparkle_texture_sparkle_blazer_2025,https://pub-8ea0502158a94b8ca8a7abb9e18a57e8.r2.dev/sparkle-blazer/mens_royal-blue_sparkle_texture_sparkle_blazer_2025_1045.webp,https://pub-8ea0502158a94b8ca8a7abb9e18a57e8.r2.dev/sparkle-blazer/mens_royal-blue_sparkle_texture_sparkle_blazer_2025_1045.webp;https://pub-8ea0502158a94b8ca8a7abb9e18a57e8.r2.dev/sparkle-blazer/mens_royal-blue_sparkle_texture_sparkle_blazer_2025_1046.webp;https://pub-8ea0502158a94b8ca8a7abb9e18a57e8.r2.dev/sparkle-blazer/mens_royal-blue_sparkle_texture_sparkle_blazer_2025_1047.webp,3,no,yes
sparkle-blazer,mens_white_sparkle_texture_sparkle_blazer_2025,https://pub-8ea0502158a94b8ca8a7abb9e18a57e8.r2.dev/sparkle-blazer/mens_white_sparkle_texture_sparkle_blazer_2025_1043.webp,https://pub-8ea0502158a94b8ca8a7abb9e18a57e8.r2.dev/sparkle-blazer/mens_white_sparkle_texture_sparkle_blazer_2025_1043.webp;https://pub-8ea0502158a94b8ca8a7abb9e18a57e8.r2.dev/sparkle-blazer/mens_white_sparkle_texture_sparkle_blazer_2025_1044.webp,2,no,yes
stretch_suits,mens_stretch_suits_suit_2025,https://pub-8ea0502158a94b8ca8a7abb9e18a57e8.r2.dev/stretch_suits/mens_stretch_suits_suit_2025_0.webp,https://pub-8ea0502158a94b8ca8a7abb9e18a57e8.r2.dev/stretch_suits/mens_stretch_suits_suit_2025_0.webp;https://pub-8ea0502158a94b8ca8a7abb9e18a57e8.r2.dev/stretch_suits/mens_stretch_suits_suit_2025_1.webp,2,no,yes
stretch_suits,mens_stretch_suits_suit_2026,https://pub-8ea0502158a94b8ca8a7abb9e18a57e8.r2.dev/stretch_suits/mens_stretch_suits_suit_model_2026_0.webp,https://pub-8ea0502158a94b8ca8a7abb9e18a57e8.r2.dev/stretch_suits/mens_stretch_suits_suit_2026_0.webp;https://pub-8ea0502158a94b8ca8a7abb9e18a57e8.r2.dev/stretch_suits/mens_stretch_suits_suit_model_2026_0.webp;https://pub-8ea0502158a94b8ca8a7abb9e18a57e8.r2.dev/stretch_suits/mens_stretch_suits_suit_2026_1.webp,3,yes,yes
stretch_suits,mens_stretch_suits_suit_2027,https://pub-8ea0502158a94b8ca8a7abb9e18a57e8.r2.dev/stretch_suits/mens_stretch_suits_suit_2027_0.webp,https://pub-8ea0502158a94b8ca8a7abb9e18a57e8.r2.dev/stretch_suits/mens_stretch_suits_suit_2027_0.webp;https://pub-8ea0502158a94b8ca8a7abb9e18a57e8.r2.dev/stretch_suits/mens_stretch_suits_suit_2027_1.webp,2,no,yes
stretch_suits,mens_stretch_suits_suit_2028,https://pub-8ea0502158a94b8ca8a7abb9e18a57e8.r2.dev/stretch_suits/mens_stretch_suits_suit_model_2028_0.webp,https://pub-8ea0502158a94b8ca8a7abb9e18a57e8.r2.dev/stretch_suits/mens_stretch_suits_suit_2028_0.webp;https://pub-8ea0502158a94b8ca8a7abb9e18a57e8.r2.dev/stretch_suits/mens_stretch_suits_suit_model_2028_0.webp;https://pub-8ea0502158a94b8ca8a7abb9e18a57e8.r2.dev/stretch_suits/mens_stretch_suits_suit_2028_1.webp,3,yes,yes
stretch_suits,mens_stretch_suits_suit_2029,https://pub-8ea0502158a94b8ca8a7abb9e18a57e8.r2.dev/stretch_suits/mens_stretch_suits_suit_model_2029_0.webp,https://pub-8ea0502158a94b8ca8a7abb9e18a57e8.r2.dev/stretch_suits/mens_stretch_suits_suit_2029_0.webp;https://pub-8ea0502158a94b8ca8a7abb9e18a57e8.r2.dev/stretch_suits/mens_stretch_suits_suit_model_2029_0.webp,2,yes,yes
stretch_suits,mens_stretch_suits_suit_2030,https://pub-8ea0502158a94b8ca8a7abb9e18a57e8.r2.dev/stretch_suits/mens_stretch_suits_suit_model_2030_0.webp,https://pub-8ea0502158a94b8ca8a7abb9e18a57e8.r2.dev/stretch_suits/mens_stretch_suits_suit_2030_0.webp;https://pub-8ea0502158a94b8ca8a7abb9e18a57e8.r2.dev/stretch_suits/mens_stretch_suits_suit_model_2030_0.webp,2,yes,yes
stretch_suits,mens_stretch_suits_suit_2031,https://pub-8ea0502158a94b8ca8a7abb9e18a57e8.r2.dev/stretch_suits/mens_stretch_suits_suit_model_2031_0.webp,https://pub-8ea0502158a94b8ca8a7abb9e18a57e8.r2.dev/stretch_suits/mens_stretch_suits_suit_2031_0.webp;https://pub-8ea0502158a94b8ca8a7abb9e18a57e8.r2.dev/stretch_suits/mens_stretch_suits_suit_model_2031_0.webp;https://pub-8ea0502158a94b8ca8a7abb9e18a57e8.r2.dev/stretch_suits/mens_stretch_suits_suit_2031_1.webp,3,yes,yes
stretch_suits,mens_stretch_suits_suit_2032,https://pub-8ea0502158a94b8ca8a7abb9e18a57e8.r2.dev/stretch_suits/mens_stretch_suits_suit_2032_0.webp,https://pub-8ea0502158a94b8ca8a7abb9e18a57e8.r2.dev/stretch_suits/mens_stretch_suits_suit_2032_0.webp;https://pub-8ea0502158a94b8ca8a7abb9e18a57e8.r2.dev/stretch_suits/mens_stretch_suits_suit_2032_1.webp,2,no,yes
stretch_suits,mens_stretch_suits_suit_2033,https://pub-8ea0502158a94b8ca8a7abb9e18a57e8.r2.dev/stretch_suits/mens_stretch_suits_suit_model_2033_0.webp,https://pub-8ea0502158a94b8ca8a7abb9e18a57e8.r2.dev/stretch_suits/mens_stretch_suits_suit_2033_0.webp;https://pub-8ea0502158a94b8ca8a7abb9e18a57e8.r2.dev/stretch_suits/mens_stretch_suits_suit_model_2033_0.webp,2,yes,yes
stretch_suits,mens_stretch_suits_suit_2034,https://pub-8ea0502158a94b8ca8a7abb9e18a57e8.r2.dev/stretch_suits/mens_stretch_suits_suit_model_2034_0.webp,https://pub-8ea0502158a94b8ca8a7abb9e18a57e8.r2.dev/stretch_suits/mens_stretch_suits_suit_model_2034_0.webp,1,yes,no
suits,mens_suits_suit_2035,https://pub-8ea0502158a94b8ca8a7abb9e18a57e8.r2.dev/suits/mens_suits_suit_model_2035_0.webp,https://pub-8ea0502158a94b8ca8a7abb9e18a57e8.r2.dev/suits/mens_suits_suit_2035_0.webp;https://pub-8ea0502158a94b8ca8a7abb9e18a57e8.r2.dev/suits/mens_suits_suit_model_2035_0.webp;https://pub-8ea0502158a94b8ca8a7abb9e18a57e8.r2.dev/suits/mens_suits_suit_model_2035_1.webp,3,yes,yes
suits,mens_suits_suit_2036,https://pub-8ea0502158a94b8ca8a7abb9e18a57e8.r2.dev/suits/mens_suits_suit_model_2036_0.webp,https://pub-8ea0502158a94b8ca8a7abb9e18a57e8.r2.dev/suits/mens_suits_suit_2036_0.webp;https://pub-8ea0502158a94b8ca8a7abb9e18a57e8.r2.dev/suits/mens_suits_suit_model_2036_0.webp,2,yes,yes
suits,mens_suits_suit_2037,https://pub-8ea0502158a94b8ca8a7abb9e18a57e8.r2.dev/suits/mens_suits_suit_model_2037_0.webp,https://pub-8ea0502158a94b8ca8a7abb9e18a57e8.r2.dev/suits/mens_suits_suit_2037_0.webp;https://pub-8ea0502158a94b8ca8a7abb9e18a57e8.r2.dev/suits/mens_suits_suit_model_2037_0.webp,2,yes,yes
summer-blazer,mens_blue_casual_summer_blazer_2025,https://pub-8ea0502158a94b8ca8a7abb9e18a57e8.r2.dev/summer-blazer/mens_blue_casual_summer_blazer_2025_1025.webp,https://pub-8ea0502158a94b8ca8a7abb9e18a57e8.r2.dev/summer-blazer/mens_blue_casual_summer_blazer_2025_1025.webp;https://pub-8ea0502158a94b8ca8a7abb9e18a57e8.r2.dev/summer-blazer/mens_blue_casual_summer_blazer_2025_1026.webp;https://pub-8ea0502158a94b8ca8a7abb9e18a57e8.r2.dev/summer-blazer/mens_blue_casual_summer_blazer_2025_1027.webp;https://pub-8ea0502158a94b8ca8a7abb9e18a57e8.r2.dev/summer-blazer/mens_blue_casual_summer_blazer_2025_1028.webp;https://pub-8ea0502158a94b8ca8a7abb9e18a57e8.r2.dev/summer-blazer/mens_blue_casual_summer_blazer_2025_1029.webp,5,no,yes
summer-blazer,mens_brown_casual_summer_blazer_2025,https://pub-8ea0502158a94b8ca8a7abb9e18a57e8.r2.dev/summer-blazer/mens_brown_casual_summer_blazer_2025_1023.webp,https://pub-8ea0502158a94b8ca8a7abb9e18a57e8.r2.dev/summer-blazer/mens_brown_casual_summer_blazer_2025_1023.webp;https://pub-8ea0502158a94b8ca8a7abb9e18a57e8.r2.dev/summer-blazer/mens_brown_casual_summer_blazer_2025_1026.webp,2,no,yes
summer-blazer,mens_mint_casual_summer_blazer_2025,https://pub-8ea0502158a94b8ca8a7abb9e18a57e8.r2.dev/summer-blazer/mens_mint_casual_summer_blazer_2025_1027.webp,https://pub-8ea0502158a94b8ca8a7abb9e18a57e8.r2.dev/summer-blazer/mens_mint_casual_summer_blazer_2025_1027.webp;https://pub-8ea0502158a94b8ca8a7abb9e18a57e8.r2.dev/summer-blazer/mens_mint_casual_summer_blazer_2025_1028.webp;https://pub-8ea0502158a94b8ca8a7abb9e18a57e8.r2.dev/summer-blazer/mens_mint_casual_summer_blazer_2025_1029.webp;https://pub-8ea0502158a94b8ca8a7abb9e18a57e8.r2.dev/summer-blazer/mens_mint_casual_summer_blazer_2025_1030.webp;https://pub-8ea0502158a94b8ca8a7abb9e18a57e8.r2.dev/summer-blazer/mens_mint_casual_summer_blazer_2025_1031.webp;https://pub-8ea0502158a94b8ca8a7abb9e18a57e8.r2.dev/summer-blazer/mens_mint_casual_summer_blazer_2025_1032.webp,6,no,yes
summer-blazer,mens_pink_casual_summer_blazer_2025,https://pub-8ea0502158a94b8ca8a7abb9e18a57e8.r2.dev/summer-blazer/mens_pink_casual_summer_blazer_2025_1024.webp,https://pub-8ea0502158a94b8ca8a7abb9e18a57e8.r2.dev/summer-blazer/mens_pink_casual_summer_blazer_2025_1024.webp;https://pub-8ea0502158a94b8ca8a7abb9e18a57e8.r2.dev/summer-blazer/mens_pink_casual_summer_blazer_2025_1025.webp;https://pub-8ea0502158a94b8ca8a7abb9e18a57e8.r2.dev/summer-blazer/mens_pink_casual_summer_blazer_2025_1026.webp;https://pub-8ea0502158a94b8ca8a7abb9e18a57e8.r2.dev/summer-blazer/mens_pink_casual_summer_blazer_2025_1027.webp;https://pub-8ea0502158a94b8ca8a7abb9e18a57e8.r2.dev/summer-blazer/mens_pink_casual_summer_blazer_2025_1028.webp;https://pub-8ea0502158a94b8ca8a7abb9e18a57e8.r2.dev/summer-blazer/mens_pink_casual_summer_blazer_2025_1029.webp;https://pub-8ea0502158a94b8ca8a7abb9e18a57e8.r2.dev/summer-blazer/mens_pink_casual_summer_blazer_2025_1030.webp;https://pub-8ea0502158a94b8ca8a7abb9e18a57e8.r2.dev/summer-blazer/mens_pink_casual_summer_blazer_2025_1031.webp;https://pub-8ea0502158a94b8ca8a7abb9e18a57e8.r2.dev/summer-blazer/mens_pink_casual_summer_blazer_2025_1032.webp,9,no,yes
summer-blazer,mens_yellow_casual_summer_blazer_2025,https://pub-8ea0502158a94b8ca8a7abb9e18a57e8.r2.dev/summer-blazer/mens_yellow_casual_summer_blazer_2025_1022.webp,https://pub-8ea0502158a94b8ca8a7abb9e18a57e8.r2.dev/summer-blazer/mens_yellow_casual_summer_blazer_2025_1022.webp;https://pub-8ea0502158a94b8ca8a7abb9e18a57e8.r2.dev/summer-blazer/mens_yellow_casual_summer_blazer_2025_1023.webp;https://pub-8ea0502158a94b8ca8a7abb9e18a57e8.r2.dev/summer-blazer/mens_yellow_casual_summer_blazer_2025_1024.webp;https://pub-8ea0502158a94b8ca8a7abb9e18a57e8.r2.dev/summer-blazer/mens_yellow_casual_summer_blazer_2025_1025.webp;https://pub-8ea0502158a94b8ca8a7abb9e18a57e8.r2.dev/summer-blazer/mens_yellow_casual_summer_blazer_2025_1026.webp,5,no,yes
tuxedos,mens_tuxedos_suit_2001,https://pub-8ea0502158a94b8ca8a7abb9e18a57e8.r2.dev/tuxedos/mens_tuxedos_suit_2001_0.webp,https://pub-8ea0502158a94b8ca8a7abb9e18a57e8.r2.dev/tuxedos/mens_tuxedos_suit_2001_0.webp;https://pub-8ea0502158a94b8ca8a7abb9e18a57e8.r2.dev/tuxedos/mens_tuxedos_suit_2001_1.webp,2,no,yes
tuxedos,mens_tuxedos_suit_2002,https://pub-8ea0502158a94b8ca8a7abb9e18a57e8.r2.dev/tuxedos/mens_tuxedos_suit_2002_0.webp,https://pub-8ea0502158a94b8ca8a7abb9e18a57e8.r2.dev/tuxedos/mens_tuxedos_suit_2002_0.webp;https://pub-8ea0502158a94b8ca8a7abb9e18a57e8.r2.dev/tuxedos/mens_tuxedos_suit_2002_1.webp,2,no,yes
tuxedos,mens_tuxedos_suit_2003,https://pub-8ea0502158a94b8ca8a7abb9e18a57e8.r2.dev/tuxedos/mens_tuxedos_suit_model_2003_0.webp,https://pub-8ea0502158a94b8ca8a7abb9e18a57e8.r2.dev/tuxedos/mens_tuxedos_suit_2003_0.webp;https://pub-8ea0502158a94b8ca8a7abb9e18a57e8.r2.dev/tuxedos/mens_tuxedos_suit_model_2003_0.webp;https://pub-8ea0502158a94b8ca8a7abb9e18a57e8.r2.dev/tuxedos/mens_tuxedos_suit_2003_1.webp;https://pub-8ea0502158a94b8ca8a7abb9e18a57e8.r2.dev/tuxedos/mens_tuxedos_suit_2003_2.webp,4,yes,yes
tuxedos,mens_tuxedos_suit_2004,https://pub-8ea0502158a94b8ca8a7abb9e18a57e8.r2.dev/tuxedos/mens_tuxedos_suit_model_2004_0.webp,https://pub-8ea0502158a94b8ca8a7abb9e18a57e8.r2.dev/tuxedos/mens_tuxedos_suit_2004_0.webp;https://pub-8ea0502158a94b8ca8a7abb9e18a57e8.r2.dev/tuxedos/mens_tuxedos_suit_model_2004_0.webp,2,yes,yes
tuxedos,mens_tuxedos_suit_2005,https://pub-8ea0502158a94b8ca8a7abb9e18a57e8.r2.dev/tuxedos/mens_tuxedos_suit_2005_0.webp,https://pub-8ea0502158a94b8ca8a7abb9e18a57e8.r2.dev/tuxedos/mens_tuxedos_suit_2005_0.webp;https://pub-8ea0502158a94b8ca8a7abb9e18a57e8.r2.dev/tuxedos/mens_tuxedos_suit_2005_1.webp,2,no,yes
tuxedos,mens_tuxedos_suit_2006,https://pub-8ea0502158a94b8ca8a7abb9e18a57e8.r2.dev/tuxedos/mens_tuxedos_suit_2006_0.webp,https://pub-8ea0502158a94b8ca8a7abb9e18a57e8.r2.dev/tuxedos/mens_tuxedos_suit_2006_0.webp,1,no,yes
tuxedos,mens_tuxedos_suit_2007,https://pub-8ea0502158a94b8ca8a7abb9e18a57e8.r2.dev/tuxedos/mens_tuxedos_suit_2007_0.webp,https://pub-8ea0502158a94b8ca8a7abb9e18a57e8.r2.dev/tuxedos/mens_tuxedos_suit_2007_0.webp,1,no,yes
tuxedos,mens_tuxedos_suit_2008,https://pub-8ea0502158a94b8ca8a7abb9e18a57e8.r2.dev/tuxedos/mens_tuxedos_suit_model_2008_0.webp,https://pub-8ea0502158a94b8ca8a7abb9e18a57e8.r2.dev/tuxedos/mens_tuxedos_suit_2008_0.webp;https://pub-8ea0502158a94b8ca8a7abb9e18a57e8.r2.dev/tuxedos/mens_tuxedos_suit_model_2008_0.webp;https://pub-8ea0502158a94b8ca8a7abb9e18a57e8.r2.dev/tuxedos/mens_tuxedos_suit_2008_1.webp,3,yes,yes
tuxedos,mens_tuxedos_suit_2009,https://pub-8ea0502158a94b8ca8a7abb9e18a57e8.r2.dev/tuxedos/mens_tuxedos_suit_model_2009_0.webp,https://pub-8ea0502158a94b8ca8a7abb9e18a57e8.r2.dev/tuxedos/mens_tuxedos_suit_2009_0.webp;https://pub-8ea0502158a94b8ca8a7abb9e18a57e8.r2.dev/tuxedos/mens_tuxedos_suit_model_2009_0.webp,2,yes,yes
tuxedos,mens_tuxedos_suit_2010,https://pub-8ea0502158a94b8ca8a7abb9e18a57e8.r2.dev/tuxedos/mens_tuxedos_suit_2010_0.webp,https://pub-8ea0502158a94b8ca8a7abb9e18a57e8.r2.dev/tuxedos/mens_tuxedos_suit_2010_0.webp;https://pub-8ea0502158a94b8ca8a7abb9e18a57e8.r2.dev/tuxedos/mens_tuxedos_suit_2010_1.webp;https://pub-8ea0502158a94b8ca8a7abb9e18a57e8.r2.dev/tuxedos/mens_tuxedos_suit_2010_2.webp,3,no,yes
tuxedos,mens_tuxedos_suit_2011,https://pub-8ea0502158a94b8ca8a7abb9e18a57e8.r2.dev/tuxedos/mens_tuxedos_suit_model_2011_0.webp,https://pub-8ea0502158a94b8ca8a7abb9e18a57e8.r2.dev/tuxedos/mens_tuxedos_suit_2011_0.webp;https://pub-8ea0502158a94b8ca8a7abb9e18a57e8.r2.dev/tuxedos/mens_tuxedos_suit_model_2011_0.webp,2,yes,yes
tuxedos,mens_tuxedos_suit_2012,https://pub-8ea0502158a94b8ca8a7abb9e18a57e8.r2.dev/tuxedos/mens_tuxedos_suit_2012_0.webp,https://pub-8ea0502158a94b8ca8a7abb9e18a57e8.r2.dev/tuxedos/mens_tuxedos_suit_2012_0.webp;https://pub-8ea0502158a94b8ca8a7abb9e18a57e8.r2.dev/tuxedos/mens_tuxedos_suit_2012_1.webp,2,no,yes
tuxedos,mens_tuxedos_suit_2013,https://pub-8ea0502158a94b8ca8a7abb9e18a57e8.r2.dev/tuxedos/mens_tuxedos_suit_2013_0.webp,https://pub-8ea0502158a94b8ca8a7abb9e18a57e8.r2.dev/tuxedos/mens_tuxedos_suit_2013_0.webp,1,no,yes
tuxedos,mens_tuxedos_suit_2014,https://pub-8ea0502158a94b8ca8a7abb9e18a57e8.r2.dev/tuxedos/mens_tuxedos_suit_2014_0.webp,https://pub-8ea0502158a94b8ca8a7abb9e18a57e8.r2.dev/tuxedos/mens_tuxedos_suit_2014_0.webp;https://pub-8ea0502158a94b8ca8a7abb9e18a57e8.r2.dev/tuxedos/mens_tuxedos_suit_2014_1.webp,2,no,yes
tuxedos,mens_tuxedos_suit_2015,https://pub-8ea0502158a94b8ca8a7abb9e18a57e8.r2.dev/tuxedos/mens_tuxedos_suit_model_2015_0.webp,https://pub-8ea0502158a94b8ca8a7abb9e18a57e8.r2.dev/tuxedos/mens_tuxedos_suit_2015_0.webp;https://pub-8ea0502158a94b8ca8a7abb9e18a57e8.r2.dev/tuxedos/mens_tuxedos_suit_model_2015_0.webp,2,yes,yes
tuxedos,mens_tuxedos_suit_2016,https://pub-8ea0502158a94b8ca8a7abb9e18a57e8.r2.dev/tuxedos/mens_tuxedos_suit_2016_0.webp,https://pub-8ea0502158a94b8ca8a7abb9e18a57e8.r2.dev/tuxedos/mens_tuxedos_suit_2016_0.webp,1,no,yes
tuxedos,mens_tuxedos_suit_2017,https://pub-8ea0502158a94b8ca8a7abb9e18a57e8.r2.dev/tuxedos/mens_tuxedos_suit_model_2017_0.webp,https://pub-8ea0502158a94b8ca8a7abb9e18a57e8.r2.dev/tuxedos/mens_tuxedos_suit_2017_0.webp;https://pub-8ea0502158a94b8ca8a7abb9e18a57e8.r2.dev/tuxedos/mens_tuxedos_suit_model_2017_0.webp;https://pub-8ea0502158a94b8ca8a7abb9e18a57e8.r2.dev/tuxedos/mens_tuxedos_suit_2017_1.webp,3,yes,yes
tuxedos,mens_tuxedos_suit_2018,https://pub-8ea0502158a94b8ca8a7abb9e18a57e8.r2.dev/tuxedos/mens_tuxedos_suit_2018_0.webp,https://pub-8ea0502158a94b8ca8a7abb9e18a57e8.r2.dev/tuxedos/mens_tuxedos_suit_2018_0.webp,1,no,yes
tuxedos,mens_tuxedos_suit_2019,https://pub-8ea0502158a94b8ca8a7abb9e18a57e8.r2.dev/tuxedos/mens_tuxedos_suit_2019_0.webp,https://pub-8ea0502158a94b8ca8a7abb9e18a57e8.r2.dev/tuxedos/mens_tuxedos_suit_2019_0.webp,1,no,yes
tuxedos,mens_tuxedos_suit_2020,https://pub-8ea0502158a94b8ca8a7abb9e18a57e8.r2.dev/tuxedos/mens_tuxedos_suit_2020_0.webp,https://pub-8ea0502158a94b8ca8a7abb9e18a57e8.r2.dev/tuxedos/mens_tuxedos_suit_2020_0.webp,1,no,yes
velvet-blazer,mens_black_paisley_pattern_velvet,https://pub-8ea0502158a94b8ca8a7abb9e18a57e8.r2.dev/velvet-blazer/mens_black_paisley_pattern_velvet_model_1059.webp,https://pub-8ea0502158a94b8ca8a7abb9e18a57e8.r2.dev/velvet-blazer/mens_black_paisley_pattern_velvet_model_1059.webp,1,yes,no
velvet-blazer,mens_black_paisley_pattern_velvet_blazer_2025,https://pub-8ea0502158a94b8ca8a7abb9e18a57e8.r2.dev/velvet-blazer/mens_black_paisley_pattern_velvet_blazer_2025_1059.webp,https://pub-8ea0502158a94b8ca8a7abb9e18a57e8.r2.dev/velvet-blazer/mens_black_paisley_pattern_velvet_blazer_2025_1059.webp;https://pub-8ea0502158a94b8ca8a7abb9e18a57e8.r2.dev/velvet-blazer/mens_black_paisley_pattern_velvet_blazer_2025_1060.webp,2,no,yes
velvet-blazer,mens_black_solid_velvet,https://pub-8ea0502158a94b8ca8a7abb9e18a57e8.r2.dev/velvet-blazer/mens_black_solid_velvet_model_1064.webp,https://pub-8ea0502158a94b8ca8a7abb9e18a57e8.r2.dev/velvet-blazer/mens_black_solid_velvet_model_1064.webp;https://pub-8ea0502158a94b8ca8a7abb9e18a57e8.r2.dev/velvet-blazer/mens_black_solid_velvet_model_1081.webp,2,yes,no
velvet-blazer,mens_black_velvet_blazer_2025,https://pub-8ea0502158a94b8ca8a7abb9e18a57e8.r2.dev/velvet-blazer/mens_black_velvet_blazer_2025_1081.webp,https://pub-8ea0502158a94b8ca8a7abb9e18a57e8.r2.dev/velvet-blazer/mens_black_velvet_blazer_2025_1081.webp;https://pub-8ea0502158a94b8ca8a7abb9e18a57e8.r2.dev/velvet-blazer/mens_black_velvet_blazer_2025_1090.webp;https://pub-8ea0502158a94b8ca8a7abb9e18a57e8.r2.dev/velvet-blazer/mens_black_velvet_blazer_2025_1096.webp,3,no,yes
velvet-blazer,mens_black_velvet_blazer_shawl_lapel_2025,https://pub-8ea0502158a94b8ca8a7abb9e18a57e8.r2.dev/velvet-blazer/mens_black_velvet_blazer_shawl_lapel_2025_1064.webp,https://pub-8ea0502158a94b8ca8a7abb9e18a57e8.r2.dev/velvet-blazer/mens_black_velvet_blazer_shawl_lapel_2025_1064.webp,1,no,yes
velvet-blazer,mens_brown_solid_velvet,https://pub-8ea0502158a94b8ca8a7abb9e18a57e8.r2.dev/velvet-blazer/mens_brown_solid_velvet_model_1078.webp,https://pub-8ea0502158a94b8ca8a7abb9e18a57e8.r2.dev/velvet-blazer/mens_brown_solid_velvet_model_1078.webp,1,yes,no
velvet-blazer,mens_brown_velvet_blazer_with_bowtie_2025,https://pub-8ea0502158a94b8ca8a7abb9e18a57e8.r2.dev/velvet-blazer/mens_brown_velvet_blazer_with_bowtie_2025_1078.webp,https://pub-8ea0502158a94b8ca8a7abb9e18a57e8.r2.dev/velvet-blazer/mens_brown_velvet_blazer_with_bowtie_2025_1078.webp,1,no,yes
velvet-blazer,mens_burgundy_solid_velvet,https://pub-8ea0502158a94b8ca8a7abb9e18a57e8.r2.dev/velvet-blazer/mens_burgundy_solid_velvet_model_1084.webp,https://pub-8ea0502158a94b8ca8a7abb9e18a57e8.r2.dev/velvet-blazer/mens_burgundy_solid_velvet_model_1084.webp,1,yes,no
velvet-blazer,mens_burgundy_velvet_blazer_2025,https://pub-8ea0502158a94b8ca8a7abb9e18a57e8.r2.dev/velvet-blazer/mens_burgundy_velvet_blazer_2025_1065.webp,https://pub-8ea0502158a94b8ca8a7abb9e18a57e8.r2.dev/velvet-blazer/mens_burgundy_velvet_blazer_2025_1065.webp;https://pub-8ea0502158a94b8ca8a7abb9e18a57e8.r2.dev/velvet-blazer/mens_burgundy_velvet_blazer_2025_1070.webp;https://pub-8ea0502158a94b8ca8a7abb9e18a57e8.r2.dev/velvet-blazer/mens_burgundy_velvet_blazer_2025_1074.webp;https://pub-8ea0502158a94b8ca8a7abb9e18a57e8.r2.dev/velvet-blazer/mens_burgundy_velvet_blazer_2025_1079.webp;https://pub-8ea0502158a94b8ca8a7abb9e18a57e8.r2.dev/velvet-blazer/mens_burgundy_velvet_blazer_2025_1084.webp;https://pub-8ea0502158a94b8ca8a7abb9e18a57e8.r2.dev/velvet-blazer/mens_burgundy_velvet_blazer_2025_1085.webp;https://pub-8ea0502158a94b8ca8a7abb9e18a57e8.r2.dev/velvet-blazer/mens_burgundy_velvet_blazer_2025_1091.webp,7,no,yes
velvet-blazer,mens_green_paisley_pattern_velvet,https://pub-8ea0502158a94b8ca8a7abb9e18a57e8.r2.dev/velvet-blazer/mens_green_paisley_pattern_velvet_model_1089.webp,https://pub-8ea0502158a94b8ca8a7abb9e18a57e8.r2.dev/velvet-blazer/mens_green_paisley_pattern_velvet_model_1089.webp,1,yes,no
velvet-blazer,mens_green_paisley_pattern_velvet_blazer_2025,https://pub-8ea0502158a94b8ca8a7abb9e18a57e8.r2.dev/velvet-blazer/mens_green_paisley_pattern_velvet_blazer_2025_1089.webp,https://pub-8ea0502158a94b8ca8a7abb9e18a57e8.r2.dev/velvet-blazer/mens_green_paisley_pattern_velvet_blazer_2025_1089.webp,1,no,yes
velvet-blazer,mens_green_solid_velvet,https://pub-8ea0502158a94b8ca8a7abb9e18a57e8.r2.dev/velvet-blazer/mens_green_solid_velvet_model_1060.webp,https://pub-8ea0502158a94b8ca8a7abb9e18a57e8.r2.dev/velvet-blazer/mens_green_solid_velvet_model_1060.webp;https://pub-8ea0502158a94b8ca8a7abb9e18a57e8.r2.dev/velvet-blazer/mens_green_solid_velvet_model_1082.webp,2,yes,no
velvet-blazer,mens_green_velvet_blazer_2025,https://pub-8ea0502158a94b8ca8a7abb9e18a57e8.r2.dev/velvet-blazer/mens_green_velvet_blazer_2025_1056.webp,https://pub-8ea0502158a94b8ca8a7abb9e18a57e8.r2.dev/velvet-blazer/mens_green_velvet_blazer_2025_1056.webp;https://pub-8ea0502158a94b8ca8a7abb9e18a57e8.r2.dev/velvet-blazer/mens_green_velvet_blazer_2025_1082.webp;https://pub-8ea0502158a94b8ca8a7abb9e18a57e8.r2.dev/velvet-blazer/mens_green_velvet_blazer_2025_1093.webp,3,no,yes
velvet-blazer,mens_green_velvet_blazer_with_bowtie_2025,https://pub-8ea0502158a94b8ca8a7abb9e18a57e8.r2.dev/velvet-blazer/mens_green_velvet_blazer_with_bowtie_2025_1060.webp,https://pub-8ea0502158a94b8ca8a7abb9e18a57e8.r2.dev/velvet-blazer/mens_green_velvet_blazer_with_bowtie_2025_1060.webp;https://pub-8ea0502158a94b8ca8a7abb9e18a57e8.r2.dev/velvet-blazer/mens_green_velvet_blazer_with_bowtie_2025_1068.webp,2,no,yes
velvet-blazer,mens_navy_solid_velvet,https://pub-8ea0502158a94b8ca8a7abb9e18a57e8.r2.dev/velvet-blazer/mens_navy_solid_velvet_model_1066.webp,https://pub-8ea0502158a94b8ca8a7abb9e18a57e8.r2.dev/velvet-blazer/mens_navy_solid_velvet_model_1066.webp;https://pub-8ea0502158a94b8ca8a7abb9e18a57e8.r2.dev/velvet-blazer/mens_navy_solid_velvet_model_1087.webp,2,yes,no
velvet-blazer,mens_navy_velvet_blazer_2025,https://pub-8ea0502158a94b8ca8a7abb9e18a57e8.r2.dev/velvet-blazer/mens_navy_velvet_blazer_2025_1062.webp,https://pub-8ea0502158a94b8ca8a7abb9e18a57e8.r2.dev/velvet-blazer/mens_navy_velvet_blazer_2025_1062.webp;https://pub-8ea0502158a94b8ca8a7abb9e18a57e8.r2.dev/velvet-blazer/mens_navy_velvet_blazer_2025_1063.webp;https://pub-8ea0502158a94b8ca8a7abb9e18a57e8.r2.dev/velvet-blazer/mens_navy_velvet_blazer_2025_1066.webp;https://pub-8ea0502158a94b8ca8a7abb9e18a57e8.r2.dev/velvet-blazer/mens_navy_velvet_blazer_2025_1076.webp;https://pub-8ea0502158a94b8ca8a7abb9e18a57e8.r2.dev/velvet-blazer/mens_navy_velvet_blazer_2025_1077.webp;https://pub-8ea0502158a94b8ca8a7abb9e18a57e8.r2.dev/velvet-blazer/mens_navy_velvet_blazer_2025_1087.webp;https://pub-8ea0502158a94b8ca8a7abb9e18a57e8.r2.dev/velvet-blazer/mens_navy_velvet_blazer_2025_1092.webp;https://pub-8ea0502158a94b8ca8a7abb9e18a57e8.r2.dev/velvet-blazer/mens_navy_velvet_blazer_2025_1095.webp,8,no,yes
velvet-blazer,mens_pink_solid_velvet,https://pub-8ea0502158a94b8ca8a7abb9e18a57e8.r2.dev/velvet-blazer/mens_pink_solid_velvet_model_1057.webp,https://pub-8ea0502158a94b8ca8a7abb9e18a57e8.r2.dev/velvet-blazer/mens_pink_solid_velvet_model_1057.webp,1,yes,no
velvet-blazer,mens_pink_solid_velvet_lifestyle,https://pub-8ea0502158a94b8ca8a7abb9e18a57e8.r2.dev/velvet-blazer/mens_pink_solid_velvet_model_lifestyle_1057.webp,https://pub-8ea0502158a94b8ca8a7abb9e18a57e8.r2.dev/velvet-blazer/mens_pink_solid_velvet_model_lifestyle_1057.webp,1,yes,no
velvet-blazer,mens_pink_velvet_blazer_2025,https://pub-8ea0502158a94b8ca8a7abb9e18a57e8.r2.dev/velvet-blazer/mens_pink_velvet_blazer_2025_1057.webp,https://pub-8ea0502158a94b8ca8a7abb9e18a57e8.r2.dev/velvet-blazer/mens_pink_velvet_blazer_2025_1057.webp,1,no,yes
velvet-blazer,mens_purple_solid_velvet,https://pub-8ea0502158a94b8ca8a7abb9e18a57e8.r2.dev/velvet-blazer/mens_purple_solid_velvet_model_1072.webp,https://pub-8ea0502158a94b8ca8a7abb9e18a57e8.r2.dev/velvet-blazer/mens_purple_solid_velvet_model_1072.webp,1,yes,no
velvet-blazer,mens_purple_solid_velvet_lifestyle,https://pub-8ea0502158a94b8ca8a7abb9e18a57e8.r2.dev/velvet-blazer/mens_purple_solid_velvet_model_lifestyle_1072.webp,https://pub-8ea0502158a94b8ca8a7abb9e18a57e8.r2.dev/velvet-blazer/mens_purple_solid_velvet_model_lifestyle_1072.webp,1,yes,no
velvet-blazer,mens_purple_velvet_blazer_2025,https://pub-8ea0502158a94b8ca8a7abb9e18a57e8.r2.dev/velvet-blazer/mens_purple_velvet_blazer_2025_1072.webp,https://pub-8ea0502158a94b8ca8a7abb9e18a57e8.r2.dev/velvet-blazer/mens_purple_velvet_blazer_2025_1072.webp,1,no,yes
velvet-blazer,mens_purple_velvet_blazer_with_bowtie_2025,https://pub-8ea0502158a94b8ca8a7abb9e18a57e8.r2.dev/velvet-blazer/mens_purple_velvet_blazer_with_bowtie_2025_1069.webp,https://pub-8ea0502158a94b8ca8a7abb9e18a57e8.r2.dev/velvet-blazer/mens_purple_velvet_blazer_with_bowtie_2025_1069.webp;https://pub-8ea0502158a94b8ca8a7abb9e18a57e8.r2.dev/velvet-blazer/mens_purple_velvet_blazer_with_bowtie_2025_1073.webp,2,no,yes
velvet-blazer,mens_red_paisley_pattern_velvet,https://pub-8ea0502158a94b8ca8a7abb9e18a57e8.r2.dev/velvet-blazer/mens_red_paisley_pattern_velvet_model_1075.webp,https://pub-8ea0502158a94b8ca8a7abb9e18a57e8.r2.dev/velvet-blazer/mens_red_paisley_pattern_velvet_model_1075.webp,1,yes,no
velvet-blazer,mens_red_paisley_pattern_velvet_blazer_2025,https://pub-8ea0502158a94b8ca8a7abb9e18a57e8.r2.dev/velvet-blazer/mens_red_paisley_pattern_velvet_blazer_2025_1075.webp,https://pub-8ea0502158a94b8ca8a7abb9e18a57e8.r2.dev/velvet-blazer/mens_red_paisley_pattern_velvet_blazer_2025_1075.webp,1,no,yes
velvet-blazer,mens_red_paisley_pattern_velvet_lifestyle,https://pub-8ea0502158a94b8ca8a7abb9e18a57e8.r2.dev/velvet-blazer/mens_red_paisley_pattern_velvet_model_lifestyle_1075.webp,https://pub-8ea0502158a94b8ca8a7abb9e18a57e8.r2.dev/velvet-blazer/mens_red_paisley_pattern_velvet_model_lifestyle_1075.webp,1,yes,no
velvet-blazer,mens_red_solid_velvet,https://pub-8ea0502158a94b8ca8a7abb9e18a57e8.r2.dev/velvet-blazer/mens_red_solid_velvet_model_1055.webp,https://pub-8ea0502158a94b8ca8a7abb9e18a57e8.r2.dev/velvet-blazer/mens_red_solid_velvet_model_1055.webp;https://pub-8ea0502158a94b8ca8a7abb9e18a57e8.r2.dev/velvet-blazer/mens_red_solid_velvet_model_1080.webp;https://pub-8ea0502158a94b8ca8a7abb9e18a57e8.r2.dev/velvet-blazer/mens_red_solid_velvet_model_1088.webp,3,yes,no
velvet-blazer,mens_red_velvet_blazer_2025,https://pub-8ea0502158a94b8ca8a7abb9e18a57e8.r2.dev/velvet-blazer/mens_red_velvet_blazer_2025_1055.webp,https://pub-8ea0502158a94b8ca8a7abb9e18a57e8.r2.dev/velvet-blazer/mens_red_velvet_blazer_2025_1055.webp;https://pub-8ea0502158a94b8ca8a7abb9e18a57e8.r2.dev/velvet-blazer/mens_red_velvet_blazer_2025_1071.webp;https://pub-8ea0502158a94b8ca8a7abb9e18a57e8.r2.dev/velvet-blazer/mens_red_velvet_blazer_2025_1080.webp,3,no,yes
velvet-blazer,mens_red_velvet_blazer_with_bowtie_2025,https://pub-8ea0502158a94b8ca8a7abb9e18a57e8.r2.dev/velvet-blazer/mens_red_velvet_blazer_with_bowtie_2025_1088.webp,https://pub-8ea0502158a94b8ca8a7abb9e18a57e8.r2.dev/velvet-blazer/mens_red_velvet_blazer_with_bowtie_2025_1088.webp;https://pub-8ea0502158a94b8ca8a7abb9e18a57e8.r2.dev/velvet-blazer/mens_red_velvet_blazer_with_bowtie_2025_1094.webp,2,no,yes
velvet-blazer,mens_royal_blue_solid_velvet,https://pub-8ea0502158a94b8ca8a7abb9e18a57e8.r2.dev/velvet-blazer/mens_royal_blue_solid_velvet_model_1058.webp,https://pub-8ea0502158a94b8ca8a7abb9e18a57e8.r2.dev/velvet-blazer/mens_royal_blue_solid_velvet_model_1058.webp;https://pub-8ea0502158a94b8ca8a7abb9e18a57e8.r2.dev/velvet-blazer/mens_royal_blue_solid_velvet_model_1061.webp,2,yes,no
velvet-blazer,mens_royal-blue_paisley_pattern_velvet_blazer,https://pub-8ea0502158a94b8ca8a7abb9e18a57e8.r2.dev/velvet-blazer/mens_royal-blue_paisley_pattern_velvet_blazer_model_1067.webp,https://pub-8ea0502158a94b8ca8a7abb9e18a57e8.r2.dev/velvet-blazer/mens_royal-blue_paisley_pattern_velvet_blazer_model_1067.webp,1,yes,no
velvet-blazer,mens_royal-blue_paisley_pattern_velvet_blazer_2025,https://pub-8ea0502158a94b8ca8a7abb9e18a57e8.r2.dev/velvet-blazer/mens_royal-blue_paisley_pattern_velvet_blazer_2025_1067.webp,https://pub-8ea0502158a94b8ca8a7abb9e18a57e8.r2.dev/velvet-blazer/mens_royal-blue_paisley_pattern_velvet_blazer_2025_1067.webp,1,no,yes
velvet-blazer,mens_royal-blue_velvet_blazer_2025,https://pub-8ea0502158a94b8ca8a7abb9e18a57e8.r2.dev/velvet-blazer/mens_royal-blue_velvet_blazer_2025_1061.webp,https://pub-8ea0502158a94b8ca8a7abb9e18a57e8.r2.dev/velvet-blazer/mens_royal-blue_velvet_blazer_2025_1061.webp,1,no,yes
velvet-blazer,mens_royal-blue_velvet_blazer_with_bowtie_2025,https://pub-8ea0502158a94b8ca8a7abb9e18a57e8.r2.dev/velvet-blazer/mens_royal-blue_velvet_blazer_with_bowtie_2025_1058.webp,https://pub-8ea0502158a94b8ca8a7abb9e18a57e8.r2.dev/velvet-blazer/mens_royal-blue_velvet_blazer_with_bowtie_2025_1058.webp;https://pub-8ea0502158a94b8ca8a7abb9e18a57e8.r2.dev/velvet-blazer/mens_royal-blue_velvet_blazer_with_bowtie_2025_1083.webp,2,no,yes
velvet-blazer,mens_white_velvet_blazer_2025,https://pub-8ea0502158a94b8ca8a7abb9e18a57e8.r2.dev/velvet-blazer/mens_white_velvet_blazer_2025_1086.webp,https://pub-8ea0502158a94b8ca8a7abb9e18a57e8.r2.dev/velvet-blazer/mens_white_velvet_blazer_2025_1086.webp,1,no,yes