product_slug,product_name,image_count_ok,total_images,bad_images,image_1,image_2,image_3,image_4,image_5,image_6,image_7,image_8,image_9,image_10,image_11,image_12
boot-jotter-cap-toe,Black Boot Jotter Cap Toe,1,1,0,https://pub-5cd8c531c0034986bf6282a223bd0564.r2.dev/batch_1/batch_2/boot_black-jotter-cap-toe_1.0.jpg,,,,,,,,,,,
boots-chelsea-boots,Navy Boots Chelsea Boots,4,4,0,https://pub-5cd8c531c0034986bf6282a223bd0564.r2.dev/batch_1/batch_2/boots_beige-chelsea-boots_1.0.jpg,https://pub-5cd8c531c0034986bf6282a223bd0564.r2.dev/batch_1/boots_black-chelsea-boots_1.0.jpg,https://pub-5cd8c531c0034986bf6282a223bd0564.r2.dev/batch_1/boots_brown-chelsea-boots_1.0.jpg,https://pub-5cd8c531c0034986bf6282a223bd0564.r2.dev/batch_1/boots_navy-chelsea-boots_1.0.jpg,,,,,,,,
bowtie-and-with-matching-bowtie,Red Black Bowtie And With Matching Bowtie,1,1,0,https://pub-5cd8c531c0034986bf6282a223bd0564.r2.dev/tie_clean_batch_01/tie_clean_batch_03/bowtie_red-and-black-with-matching-bowtie_1.0.jpg,,,,,,,,,,,
bowtie-with-design-with-matching-bowtie,Black Red Bowtie With Design With Matching Bowtie,1,1,0,https://pub-5cd8c531c0034986bf6282a223bd0564.r2.dev/tie_clean_batch_01/tie_clean_batch_02/bowtie_black-with-red-design-with-matching-bowtie_1.0.jpg,,,,,,,,,,,
cummerband-cummerbund-set,Red Cummerband Cummerbund Set,3,3,0,https://pub-5cd8c531c0034986bf6282a223bd0564.r2.dev/batch_1/batch_4/cummerband_royal-blue-cummerbund-set_1.0.jpg,https://pub-5cd8c531c0034986bf6282a223bd0564.r2.dev/batch_1/cummerband_black-cummerbund-set_1.0.jpg,https://pub-5cd8c531c0034986bf6282a223bd0564.r2.dev/batch_1/cummerband_red-cummerbund-set_1.0.jpg,,,,,,,,,
dress-shirt-dress-shirt,Red Dress Shirt Dress Shirt,2,2,0,https://pub-5cd8c531c0034986bf6282a223bd0564.r2.dev/batch_1/batch_3/dress-shirt_white-dress-shirt_1.0.png,https://pub-5cd8c531c0034986bf6282a223bd0564.r2.dev/batch_1/dress-shirt_red-dress-shirt_1.0.png,,,,,,,,,,
dress-shoe-and-prom-sneakers-with-spikes,Black White Gold Dress Shoe And Prom Sneakers With Spikes,1,1,0,https://pub-5cd8c531c0034986bf6282a223bd0564.r2.dev/batch_1/batch_2/dress-shoe_black-and-white-prom-sneakers-with-gold-spikes_1.0.jpg,,,,,,,,,,,
dress-shoe-all-leather-versatile-sneakers-prom-professional,White Dress Shoe All Leather Versatile Sneakers Prom Professional,1,1,0,https://pub-5cd8c531c0034986bf6282a223bd0564.r2.dev/batch_1/batch_4/dress-shoe_all-white-leather-versatile-sneakers-prom-professional_1.0.jpg,,,,,,,,,,,
dress-shoe-leather-sneakers-with-accent-versatile-prom-eleganc,White Cobalt Blue Dress Shoe Leather Sneakers With Accent Versatile Prom Eleganc,1,1,0,https://pub-5cd8c531c0034986bf6282a223bd0564.r2.dev/batch_1/batch_4/dress-shoe_white-leather-sneakers-with-cobalt-blue-accent-versatile-prom-eleganc_1.0.jpg,,,,,,,,,,,
dress-shoe-leather-sneakers-with-accent-versatile-prom-elegance,White Black Dress Shoe Leather Sneakers With Accent Versatile Prom Elegance,1,1,0,https://pub-5cd8c531c0034986bf6282a223bd0564.r2.dev/batch_1/batch_2/dress-shoe_white-leather-sneakers-with-black-accent-versatile-prom-elegance_1.0.jpg,,,,,,,,,,,
dress-shoe-kct-menswear-studded-sneakers-dazzling-urban-luxury,Gold Dress Shoe Kct Menswear Studded Sneakers Dazzling Urban Luxury,1,1,0,https://pub-5cd8c531c0034986bf6282a223bd0564.r2.dev/batch_1/batch_2/dress-shoe_kct-menswear-gold-studded-sneakers-dazzling-urban-luxury_1.0.jpg,,,,,,,,,,,
dress-shoe-prom-loafers-mens-sparkle-dress,Silver Black Silver Dress Shoe Prom Loafers Mens Sparkle Dress,1,1,0,https://pub-5cd8c531c0034986bf6282a223bd0564.r2.dev/batch_1/batch_4/dress-shoe_silver-prom-loafers-mens-black-silver-sparkle-dress_1.0.jpg,,,,,,,,,,,
dress-shoe-leather-sneakers-with-detail-prom-professional,Black Red Dress Shoe Leather Sneakers With Detail Prom Professional,3,3,0,https://pub-5cd8c531c0034986bf6282a223bd0564.r2.dev/batch_1/batch_3/dress-shoe_white-leather-sneakers-with-red-detail-prom-professional_1.0.jpg,https://pub-5cd8c531c0034986bf6282a223bd0564.r2.dev/batch_1/dress-shoe_black-leather-sneakers-with-gold-detail-prom-professional_1.0.jpg,https://pub-5cd8c531c0034986bf6282a223bd0564.r2.dev/batch_1/dress-shoe_black-leather-sneakers-with-red-detail-prom-professional_1.0.jpg,,,,,,,,,
dress-shoe-prom-loafers-mens-sparkle-dress-shoes,Gold Dress Shoe Prom Loafers Mens Sparkle Dress Shoes,1,1,0,https://pub-5cd8c531c0034986bf6282a223bd0564.r2.dev/batch_1/dress-shoe_gold-prom-loafers-mens-sparkle-dress-shoes_1.0.jpg,,,,,,,,,,,
dress-shoe-rhinestone-prom-loafers,Black Gold Dress Shoe Rhinestone Prom Loafers,2,2,0,https://pub-5cd8c531c0034986bf6282a223bd0564.r2.dev/batch_1/batch_2/dress-shoe_white-gold-rhinestone-prom-loafers_1.0.jpg,https://pub-5cd8c531c0034986bf6282a223bd0564.r2.dev/batch_1/batch_4/dress-shoe_black-gold-rhinestone-prom-loafers_1.0.jpg,,,,,,,,,,
dress-shoe-sparkling-loafers-prom-shoes,Royal Blue Dress Shoe Sparkling Loafers Prom Shoes,4,4,0,https://pub-5cd8c531c0034986bf6282a223bd0564.r2.dev/batch_1/batch_2/dress-shoe_sparkling-black-loafers-prom-shoes_1.0.jpg,https://pub-5cd8c531c0034986bf6282a223bd0564.r2.dev/batch_1/batch_2/dress-shoe_sparkling-silver-loafers-prom-shoes_1.0.jpg,https://pub-5cd8c531c0034986bf6282a223bd0564.r2.dev/batch_1/batch_4/dress-shoe_sparkling-gold-loafers-prom-shoes_1.0.jpg,https://pub-5cd8c531c0034986bf6282a223bd0564.r2.dev/batch_1/dress-shoe_sparkling-royal-blue-loafers-prom-shoes_1.0.jpg,,,,,,,,
dress-shoe-studded-low-top-sneakers-edgy-elegance,Silver Dress Shoe Studded Low Top Sneakers Edgy Elegance,1,1,0,https://pub-5cd8c531c0034986bf6282a223bd0564.r2.dev/batch_1/batch_3/dress-shoe_silver-studded-low-top-sneakers-edgy-elegance_1.0.jpg,,,,,,,,,,,
dress-shoe-velvet-loafers-spikes-prom-shoes,Royal Blue Gold Dress Shoe Velvet Loafers Spikes Prom Shoes,6,6,0,https://pub-5cd8c531c0034986bf6282a223bd0564.r2.dev/batch_1/batch_2/dress-shoe_black-velvet-loafers-gold-spikes-prom-shoes_1.0.jpg,https://pub-5cd8c531c0034986bf6282a223bd0564.r2.dev/batch_1/batch_2/dress-shoe_purple-velvet-loafers-gold-spikes-prom-shoes_1.0.jpg,https://pub-5cd8c531c0034986bf6282a223bd0564.r2.dev/batch_1/batch_3/dress-shoe_white-velvet-loafers-gold-spikes-prom-shoes_1.0.jpg,https://pub-5cd8c531c0034986bf6282a223bd0564.r2.dev/batch_1/batch_4/dress-shoe_pink-velvet-loafers-spikes-prom-shoes_1.0.jpg,https://pub-5cd8c531c0034986bf6282a223bd0564.r2.dev/batch_1/batch_4/dress-shoe_red-velvet-loafers-gold-spikes-prom-shoes_1.0.jpg,https://pub-5cd8c531c0034986bf6282a223bd0564.r2.dev/batch_1/dress-shoe_royal-blue-velvet-loafers-gold-spikes-prom-shoes_1.0.jpg,,,,,,
dress-shoe-sparkling-dusty-loafers-prom-shoes,Rose Dress Shoe Sparkling Dusty Loafers Prom Shoes,1,1,0,https://pub-5cd8c531c0034986bf6282a223bd0564.r2.dev/batch_1/batch_3/dress-shoe_sparkling-dusty-rose-loafers-prom-shoes_1.0.jpg,,,,,,,,,,,
dress-shoe-sparkling-emerald-loafers-prom-shoes,Green Dress Shoe Sparkling Emerald Loafers Prom Shoes,1,1,0,https://pub-5cd8c531c0034986bf6282a223bd0564.r2.dev/batch_1/batch_2/dress-shoe_sparkling-emerald-green-loafers-prom-shoes_1.0.jpg,,,,,,,,,,,
dress-shoe-studded-prom-loafers,Hunter Green Dress Shoe Studded Prom Loafers,2,2,0,https://pub-5cd8c531c0034986bf6282a223bd0564.r2.dev/batch_1/batch_4/dress-shoe_royal-blue-studded-prom-loafers_1.0.jpg,https://pub-5cd8c531c0034986bf6282a223bd0564.r2.dev/batch_1/dress-shoe_hunter-green-studded-prom-loafers_1.0.jpg,,,,,,,,,,
dress-shoe-velvet-rhinestone-prom-loafers,Royal Blue Dress Shoe Velvet Rhinestone Prom Loafers,2,2,0,https://pub-5cd8c531c0034986bf6282a223bd0564.r2.dev/batch_1/batch_4/dress-shoe_red-velvet-rhinestone-prom-loafers_1.0.jpg,https://pub-5cd8c531c0034986bf6282a223bd0564.r2.dev/batch_1/batch_4/dress-shoe_royal-blue-velvet-rhinestone-prom-loafers_1.0.jpg,,,,,,,,,,
dress-shoe-velvet-studded-prom-loafers,Red Dress Shoe Velvet Studded Prom Loafers,1,1,0,https://pub-5cd8c531c0034986bf6282a223bd0564.r2.dev/batch_1/dress-shoe_red-velvet-studded-prom-loafers_1.0.jpg,,,,,,,,,,,
jacket-puffer-jacket,Black Jacket Puffer Jacket,4,4,0,https://pub-5cd8c531c0034986bf6282a223bd0564.r2.dev/batch_1/batch_2/jacket_grey-puffer-jacket_1.0.jpg,https://pub-5cd8c531c0034986bf6282a223bd0564.r2.dev/batch_1/batch_2/jacket_tan-puffer-jacket_1.0.jpg,https://pub-5cd8c531c0034986bf6282a223bd0564.r2.dev/batch_1/batch_3/jacket_camel-puffer-jacket_1.0.jpg,https://pub-5cd8c531c0034986bf6282a223bd0564.r2.dev/batch_1/batch_4/jacket_black-puffer-jacket_1.0.jpg,,,,,,,,
jacket-modern-jacket,Black Jacket Modern Jacket,1,1,0,https://pub-5cd8c531c0034986bf6282a223bd0564.r2.dev/batch_1/jacket_black-modern-jacket_1.0.jpg,,,,,,,,,,,
jacket-sherpa-puffer,Camel Jacket Sherpa Puffer,2,2,0,https://pub-5cd8c531c0034986bf6282a223bd0564.r2.dev/batch_1/batch_4/jacket_grey-sherpa-puffer_1.0.jpg,https://pub-5cd8c531c0034986bf6282a223bd0564.r2.dev/batch_1/jacket_camel-sherpa-puffer_1.0.jpg,,,,,,,,,,
kid-suit-kids-suit,Royal Blue Kid Suit Kids Suit,2,2,0,https://pub-5cd8c531c0034986bf6282a223bd0564.r2.dev/batch_1/batch_4/kid-suit_black-kids-suit_1.0.jpg,https://pub-5cd8c531c0034986bf6282a223bd0564.r2.dev/batch_1/batch_4/kid-suit_royal-blue-kids-suit_1.0.jpg,,,,,,,,,,
kid-tux-kids-tux,Black Kid Tux Kids Tux,2,2,0,https://pub-5cd8c531c0034986bf6282a223bd0564.r2.dev/batch_1/batch_2/kid-tux_royal-blue-kids-tux_1.0.jpg,https://pub-5cd8c531c0034986bf6282a223bd0564.r2.dev/batch_1/batch_4/kid-tux_black-kids-tux_1.0.jpg,,,,,,,,,,
mens-blazers-mens-slim-fit-midnight-tuxedo-with-satin-shawl-lapel,Blue Black Mens Blazers Mens Slim Fit Midnight Tuxedo With Satin Shawl Lapel,1,1,0,https://pub-5cd8c531c0034986bf6282a223bd0564.r2.dev/batch_1/batch_3/mens-blazers_mens-slim-fit-midnight-blue-tuxedo-with-black-satin-shawl-lapel_1.0.jpg,,,,,,,,,,,
mens-double-breasted-suit-classic-check-double-breasted-suit-the-connoisseurs-choice,Brown Mens Double Breasted Suit Classic Check Double Breasted Suit The Connoisseurs Choice,1,1,0,https://pub-5cd8c531c0034986bf6282a223bd0564.r2.dev/batch_1/batch_2/mens-double-breasted-suit_classic-brown-check-double-breasted-suit-the-connoisseurs-choice_1.0.jpg,,,,,,,,,,,
mens-blazers-mens-slim-fit-tuxedo-with-satin-shawl-lapel,Navy Blue Mens Blazers Mens Slim Fit Tuxedo With Satin Shawl Lapel,2,2,0,https://pub-5cd8c531c0034986bf6282a223bd0564.r2.dev/batch_1/batch_2/mens-blazers_mens-slim-fit-navy-blue-tuxedo-with-satin-shawl-lapel-1_1.0.jpg,https://pub-5cd8c531c0034986bf6282a223bd0564.r2.dev/batch_1/mens-blazers_mens-slim-fit-navy-blue-tuxedo-with-satin-shawl-lapel_1.0.jpg,,,,,,,,,,
mens-blazers-mens-slim-fit-light-tuxedo-with-satin-shawl-lapel,Grey Mens Blazers Mens Slim Fit Light Tuxedo With Satin Shawl Lapel,1,1,0,https://pub-5cd8c531c0034986bf6282a223bd0564.r2.dev/batch_1/batch_3/mens-blazers_mens-slim-fit-light-grey-tuxedo-with-satin-shawl-lapel_1.0.jpg,,,,,,,,,,,
mens-double-breasted-suit-classic-double-breasted-suit-ensemble,Gray Mens Double Breasted Suit Classic Double Breasted Suit Ensemble,1,1,0,https://pub-5cd8c531c0034986bf6282a223bd0564.r2.dev/batch_1/mens-double-breasted-suit_classic-gray-double-breasted-suit-ensemble_1.0.jpg,,,,,,,,,,,
mens-double-breasted-suit-dream-double-breasted-suit-set,Lavender Mens Double Breasted Suit Dream Double Breasted Suit Set,1,1,0,https://pub-5cd8c531c0034986bf6282a223bd0564.r2.dev/batch_1/mens-double-breasted-suit_lavender-dream-double-breasted-suit-set_1.0.jpg,,,,,,,,,,,
mens-double-breasted-suit-pastel-pinstripe-double-breasted-suit-casual-chic,Pink Mens Double Breasted Suit Pastel Pinstripe Double Breasted Suit Casual Chic,1,1,0,https://pub-5cd8c531c0034986bf6282a223bd0564.r2.dev/batch_1/batch_2/mens-double-breasted-suit_pastel-pink-pinstripe-double-breasted-suit-casual-chic_1.0.jpg,,,,,,,,,,,
mens-double-breasted-suit-ocean-textured-double-breasted-suit-a-splash-of-style,Blue Mens Double Breasted Suit Ocean Textured Double Breasted Suit A Splash OF Style,1,1,0,https://pub-5cd8c531c0034986bf6282a223bd0564.r2.dev/batch_1/batch_3/mens-double-breasted-suit_ocean-blue-textured-double-breasted-suit-a-splash-of-style_1.0.jpg,,,,,,,,,,,
mens-double-breasted-suit-sunny-elegance-double-breasted-suit,Yellow Mens Double Breasted Suit Sunny Elegance Double Breasted Suit,1,1,0,https://pub-5cd8c531c0034986bf6282a223bd0564.r2.dev/batch_1/batch_4/mens-double-breasted-suit_sunny-elegance-double-breasted-yellow-suit_1.0.jpg,,,,,,,,,,,
mens-double-breasted-suit-pinstripe-double-breasted-suit-executive-precision,Navy Blue Mens Double Breasted Suit Pinstripe Double Breasted Suit Executive Precision,1,1,0,https://pub-5cd8c531c0034986bf6282a223bd0564.r2.dev/batch_1/batch_4/mens-double-breasted-suit_navy-blue-pinstripe-double-breasted-suit-executive-precision_1.0.png,,,,,,,,,,,
mens-double-breasted-suit-sage-elegance-double-breasted-suit-set,Mens Double Breasted Suit Sage Elegance Double Breasted Suit Set,1,1,0,https://pub-5cd8c531c0034986bf6282a223bd0564.r2.dev/batch_1/batch_4/mens-double-breasted-suit_sage-elegance-double-breasted-suit-set_1.0.jpg,,,,,,,,,,,
mens-sweaters-and-heavy-sweater,White Grey Mens Sweaters And Heavy Sweater,1,1,0,https://pub-5cd8c531c0034986bf6282a223bd0564.r2.dev/batch_1/batch_3/mens-sweaters_white-and-grey-heavy-sweater_1.0.jpg,,,,,,,,,,,
mens-tuxedos-mens-classic-three-piece-tuxedo-with-satin-shawl-lapel,Black Mens Tuxedos Mens Classic Three Piece Tuxedo With Satin Shawl Lapel,1,1,0,https://pub-5cd8c531c0034986bf6282a223bd0564.r2.dev/batch_1/batch_3/mens-tuxedos_mens-classic-black-three-piece-tuxedo-with-satin-shawl-lapel_1.0.png,,,,,,,,,,,
mens-suits-mens-slim-fit-emerald-tuxedo-with-satin-lapel,Green Black Mens Suits Mens Slim Fit Emerald Tuxedo With Satin Lapel,1,1,0,https://pub-5cd8c531c0034986bf6282a223bd0564.r2.dev/batch_1/batch_3/mens-suits_mens-slim-fit-emerald-green-tuxedo-with-black-satin-lapel_1.0.png,,,,,,,,,,,
mens-sweaters-mens-heavyweight-multi-pattern-knit-sweater,Black White Mens Sweaters Mens Heavyweight Multi Pattern Knit Sweater,1,1,0,https://pub-5cd8c531c0034986bf6282a223bd0564.r2.dev/batch_1/batch_4/mens-sweaters_mens-black-white-heavyweight-multi-pattern-knit-sweater_1.0.jpg,,,,,,,,,,,
mens-tuxedos-mens-slim-fit-and-tuxedo-with-satin-lapel,White Black Mens Tuxedos Mens Slim Fit And Tuxedo With Satin Lapel,1,1,0,https://pub-5cd8c531c0034986bf6282a223bd0564.r2.dev/batch_1/batch_4/mens-tuxedos_mens-slim-fit-white-and-black-tuxedo-with-satin-lapel_1.0.jpg,,,,,,,,,,,
mens-suits-mens-slim-fit-tweed-three-piece-suit,Grey Mens Suits Mens Slim Fit Tweed Three Piece Suit,1,1,0,https://pub-5cd8c531c0034986bf6282a223bd0564.r2.dev/batch_1/batch_2/mens-suits_mens-slim-fit-grey-tweed-three-piece-suit_1.0.png,,,,,,,,,,,
mens-tuxedos-mens-slim-fit-classic-tuxedo-with-satin-notch-lapel,Black Mens Tuxedos Mens Slim Fit Classic Tuxedo With Satin Notch Lapel,1,1,0,https://pub-5cd8c531c0034986bf6282a223bd0564.r2.dev/batch_1/batch_3/mens-tuxedos_mens-slim-fit-classic-black-tuxedo-with-satin-notch-lapel_1.0.jpg,,,,,,,,,,,
mens-tuxedos-mens-slim-fit-double-breasted-tuxedo-with-satin-peak-lapel,Black Mens Tuxedos Mens Slim Fit Double Breasted Tuxedo With Satin Peak Lapel,2,2,0,https://pub-5cd8c531c0034986bf6282a223bd0564.r2.dev/batch_1/batch_2/mens-tuxedos_mens-slim-fit-white-double-breasted-tuxedo-with-black-satin-peak-lapel_1.0.jpg,https://pub-5cd8c531c0034986bf6282a223bd0564.r2.dev/batch_1/batch_4/mens-tuxedos_mens-slim-fit-black-double-breasted-tuxedo-with-satin-peak-lapel_1.0.jpg,,,,,,,,,,
mens-suits-mens-slim-fit-light-three-piece-suit,Grey Mens Suits Mens Slim Fit Light Three Piece Suit,1,1,0,https://pub-5cd8c531c0034986bf6282a223bd0564.r2.dev/batch_1/mens-suits_mens-slim-fit-light-grey-three-piece-suit_1.0.png,,,,,,,,,,,
mens-double-breasted-suit-kct-menswear-light-checkered-double-breasted-suit-breezy-elegance,Blue Mens Double Breasted Suit Kct Menswear Light Checkered Double Breasted Suit Breezy Elegance,1,1,0,https://pub-5cd8c531c0034986bf6282a223bd0564.r2.dev/batch_1/batch_3/mens-double-breasted-suit_kct-menswear-light-blue-checkered-double-breasted-suit-breezy-elegance_1.0.jpg,,,,,,,,,,,
mens-tuxedos-mens-slim-fit-light-tuxedo-with-satin-lapel,Grey Mens Tuxedos Mens Slim Fit Light Tuxedo With Satin Lapel,1,1,0,https://pub-5cd8c531c0034986bf6282a223bd0564.r2.dev/batch_1/batch_3/mens-tuxedos_mens-slim-fit-light-grey-tuxedo-with-satin-lapel-1_1.0.jpg,,,,,,,,,,,
mens-tuxedos-mens-slim-fit-double-breasted-tuxedo-with-satin-lapel,Red Black Mens Tuxedos Mens Slim Fit Double Breasted Tuxedo With Satin Lapel,1,1,0,https://pub-5cd8c531c0034986bf6282a223bd0564.r2.dev/batch_1/batch_3/mens-tuxedos_mens-slim-fit-red-double-breasted-tuxedo-with-black-satin-lapel_1.0.jpg,,,,,,,,,,,
mens-tuxedos-mens-slim-fit-tuxedo-with-satin-lapel,Royal Blue Black Mens Tuxedos Mens Slim Fit Tuxedo With Satin Lapel,2,2,0,https://pub-5cd8c531c0034986bf6282a223bd0564.r2.dev/batch_1/batch_3/mens-tuxedos_mens-slim-fit-charcoal-grey-tuxedo-with-black-satin-lapel_1.0.jpg,https://pub-5cd8c531c0034986bf6282a223bd0564.r2.dev/batch_1/batch_4/mens-tuxedos_mens-slim-fit-royal-blue-tuxedo-with-black-satin-lapel_1.0.jpg,,,,,,,,,,
mens-tuxedos-mens-slim-fit-tuxedo-jacket-with-satin-lapel,Burgundy Black Mens Tuxedos Mens Slim Fit Tuxedo Jacket With Satin Lapel,1,1,0,https://pub-5cd8c531c0034986bf6282a223bd0564.r2.dev/batch_1/batch_4/mens-tuxedos_mens-slim-fit-burgundy-tuxedo-jacket-with-black-satin-lapel_1.0.jpg,,,,,,,,,,,
mens-tuxedos-mens-slim-fit-three-piece-tuxedo-with-satin-shawl-lapel,Teal Blue Mens Tuxedos Mens Slim Fit Three Piece Tuxedo With Satin Shawl Lapel,1,1,0,https://pub-5cd8c531c0034986bf6282a223bd0564.r2.dev/batch_1/batch_4/mens-tuxedos_mens-slim-fit-teal-blue-three-piece-tuxedo-with-satin-shawl-lapel_1.0.jpg,,,,,,,,,,,
mens-tuxedos-mens-slim-fit-tuxedo-with-satin-lapels,Royal Blue Mens Tuxedos Mens Slim Fit Tuxedo With Satin Lapels,1,1,0,https://pub-5cd8c531c0034986bf6282a223bd0564.r2.dev/batch_1/batch_4/mens-tuxedos_mens-slim-fit-royal-blue-tuxedo-with-satin-lapels_1.0.jpg,,,,,,,,,,,
mens-tuxedos-mens-slim-fit-tuxedo-with-satin-lapel-and-matching-vest,Red Black Mens Tuxedos Mens Slim Fit Tuxedo With Satin Lapel And Matching Vest,1,1,0,https://pub-5cd8c531c0034986bf6282a223bd0564.r2.dev/batch_1/mens-tuxedos_mens-slim-fit-red-tuxedo-with-black-satin-lapel-and-matching-vest_1.0.jpg,,,,,,,,,,,
nan-and-heavy-sweater,Red Black Nan And Heavy Sweater,1,1,0,https://pub-5cd8c531c0034986bf6282a223bd0564.r2.dev/batch_1/batch_2/nan_red-and-black-heavy-sweater_6.0.jpg,,,,,,,,,,,
nan-all-suit-with-vest,White Nan All Suit With Vest,1,1,0,https://pub-5cd8c531c0034986bf6282a223bd0564.r2.dev/batch_1/batch_4/nan_all-white-suit-with-vest_2.0.jpg,,,,,,,,,,,
nan-and-tuxedo,Black White Nan And Tuxedo,1,1,0,https://pub-5cd8c531c0034986bf6282a223bd0564.r2.dev/batch_1/batch_2/nan_black-and-white-tuxedo_2.0.jpg,,,,,,,,,,,
nan-burgund-sparkle-vest-and-bowtie,Nan Burgund Sparkle Vest And Bowtie,1,1,0,https://pub-5cd8c531c0034986bf6282a223bd0564.r2.dev/tie_clean_batch_01/nan_burgund-sparkle-vest-and-bowtie_1.0.jpg,,,,,,,,,,,
nan-dazzling-shiny-tuxedo-with-paisley-design-a-showstopper-prom-and-wedding-seasons,Silver Black Nan Dazzling Shiny Tuxedo With Paisley Design A Showstopper Prom And Wedding Seasons,1,1,0,https://pub-5cd8c531c0034986bf6282a223bd0564.r2.dev/batch_1/batch_4/nan_dazzling-shiny-silver-tuxedo-with-black-paisley-design-a-showstopper-prom-and-wedding-seasons_2.0.jpg,,,,,,,,,,,
nan-double-breasted-prom-tuxedo-satin-lapel,Black Nan Double Breasted Prom Tuxedo Satin Lapel,1,1,0,https://pub-5cd8c531c0034986bf6282a223bd0564.r2.dev/batch_1/batch_2/nan_black-double-breasted-prom-tuxedo-satin-lapel_2.0.jpg,,,,,,,,,,,
nan-double-breasted-suit-classic-summer-luxury,Ivory Nan Double Breasted Suit Classic Summer Luxury,1,1,0,https://pub-5cd8c531c0034986bf6282a223bd0564.r2.dev/batch_1/nan_ivory-double-breasted-suit-classic-summer-luxury_2.0.png,,,,,,,,,,,
nan-double-breasted-tuxedo,White Black Nan Double Breasted Tuxedo,1,1,0,https://pub-5cd8c531c0034986bf6282a223bd0564.r2.dev/batch_1/batch_4/nan_white-black-double-breasted-tuxedo_2.0.jpg,,,,,,,,,,,
nan-dress-boot,Black Nan Dress Boot,1,1,0,https://pub-5cd8c531c0034986bf6282a223bd0564.r2.dev/batch_1/batch_3/nan_black-dress-boot_6.0.webp,,,,,,,,,,,
nan-dusty-three-piece-suit-timeless-elegance-for,Blue Nan Dusty Three Piece Suit Timeless Elegance For,1,1,0,https://pub-5cd8c531c0034986bf6282a223bd0564.r2.dev/batch_1/batch_3/nan_dusty-blue-three-piece-suit-timeless-elegance-for-2025_3.0.jpg,,,,,,,,,,,
nan-elegant-paisley-three-piece-tuxedo-with-velvet-lapel-a-modern-classic-for-prom-and-wedding-seasons,Black Nan Elegant Paisley Three Piece Tuxedo With Velvet Lapel A Modern Classic For Prom And Wedding Seasons,1,1,0,https://pub-5cd8c531c0034986bf6282a223bd0564.r2.dev/batch_1/nan_elegant-black-paisley-three-piece-tuxedo-with-velvet-lapel-a-modern-classic-for-2024-prom-and-wedding-seasons_2.0.webp,,,,,,,,,,,
nan-elegant-all-satin-paisley-suit-a-sophisticated-choice-for-prom-and-wedding-seasons,Black Nan Elegant All Satin Paisley Suit A Sophisticated Choice For Prom And Wedding Seasons,1,1,0,https://pub-5cd8c531c0034986bf6282a223bd0564.r2.dev/batch_1/batch_4/nan_elegant-all-black-satin-paisley-suit-a-sophisticated-choice-for-prom-and-wedding-seasons_2.0.jpg,,,,,,,,,,,
nan-european-prom-tuxedo-shawl-lapel,White Nan European Prom Tuxedo Shawl Lapel,1,1,0,https://pub-5cd8c531c0034986bf6282a223bd0564.r2.dev/batch_1/batch_2/nan_white-european-prom-tuxedo-2025-shawl-lapel_8.0.jpg,,,,,,,,,,,
nan-elegant-double-breasted-suit-summer-sophistication,Cream Nan Elegant Double Breasted Suit Summer Sophistication,1,1,0,https://pub-5cd8c531c0034986bf6282a223bd0564.r2.dev/batch_1/nan_elegant-cream-double-breasted-suit-summer-sophistication_2.0.png,,,,,,,,,,,
nan-elegant-design-three-piece-tuxedo-with-satin-lapel-a-sophisticated-choice-for-prom-and-wedding-seasons,White Nan Elegant Design Three Piece Tuxedo With Satin Lapel A Sophisticated Choice For Prom And Wedding Seasons,1,1,0,https://pub-5cd8c531c0034986bf6282a223bd0564.r2.dev/batch_1/batch_2/nan_elegant-white-design-three-piece-tuxedo-with-satin-lapel-a-sophisticated-choice-for-2024-prom-and-wedding-seasons_2.0.webp,,,,,,,,,,,
nan-european-prom-tuxedo-velvet-lapel,Burgundy Nan European Prom Tuxedo Velvet Lapel,4,4,0,https://pub-5cd8c531c0034986bf6282a223bd0564.r2.dev/batch_1/batch_3/nan_green-european-prom-tuxedo-2025-velvet-lapel_8.0.jpg,https://pub-5cd8c531c0034986bf6282a223bd0564.r2.dev/batch_1/batch_4/nan_black-european-prom-tuxedo-2025-velvet-lapel_9.0.jpg,https://pub-5cd8c531c0034986bf6282a223bd0564.r2.dev/batch_1/batch_4/nan_navy-european-prom-tuxedo-2025-velvet-lapel_7.0.webp,https://pub-5cd8c531c0034986bf6282a223bd0564.r2.dev/batch_1/nan_burgundy-european-prom-tuxedo-2025-velvet-lapel_8.0.jpg,,,,,,,,
nan-exquisite-and-paisley-three-piece-tuxedo-with-velvet-lapel-a-luxurious-choice-for-prom-and-wedding-seasons,Hunter Green Black Nan Exquisite And Paisley Three Piece Tuxedo With Velvet Lapel A Luxurious Choice For Prom And Wedding Seasons,1,1,0,https://pub-5cd8c531c0034986bf6282a223bd0564.r2.dev/batch_1/nan_exquisite-hunter-green-and-black-paisley-three-piece-tuxedo-with-velvet-lapel-a-luxurious-choice-for-2024-prom-and-wedding-seasons_3.0.webp,,,,,,,,,,,
nan-fall-suit,Black Nan Fall Suit,1,1,0,https://pub-5cd8c531c0034986bf6282a223bd0564.r2.dev/batch_1/batch_4/nan_black-fall-suit_2.0.jpg,,,,,,,,,,,
nan-kct-menswear-gift-card,Nan Kct Menswear Gift Card,1,1,0,https://pub-5cd8c531c0034986bf6282a223bd0564.r2.dev/batch_1/batch_2/nan_kct-menswear-gift-card_2.0.jpg,,,,,,,,,,,
nan-kct-menswear-glen-plaid-double-breasted-suit-summer-sophistication,Tan Nan Kct Menswear Glen Plaid Double Breasted Suit Summer Sophistication,1,1,0,https://pub-5cd8c531c0034986bf6282a223bd0564.r2.dev/batch_1/batch_2/nan_kct-menswear-tan-glen-plaid-double-breasted-suit-summer-sophistication_3.0.jpg,,,,,,,,,,,
nan-light-blush-tuxedo-with-matching-bowtie,Nan Light Blush Tuxedo With Matching Bowtie,1,1,0,https://pub-5cd8c531c0034986bf6282a223bd0564.r2.dev/tie_clean_batch_01/tie_clean_batch_03/nan_light-blush-tuxedo-with-matching-bowtie_1.0.jpg,,,,,,,,,,,
nan-light-double-breasted-slim-stretch-suit,Blue Nan Light Double Breasted Slim Stretch Suit,1,1,0,https://pub-5cd8c531c0034986bf6282a223bd0564.r2.dev/batch_1/batch_3/nan_light-blue-double-breasted-slim-stretch-suit-2025_3.0.jpg,,,,,,,,,,,
nan-light-stretch-suit-sleek-modern-piece-for,Blue Nan Light Stretch Suit Sleek Modern Piece For,1,1,0,https://pub-5cd8c531c0034986bf6282a223bd0564.r2.dev/batch_1/nan_light-blue-stretch-suit-sleek-modern-2-piece-for-2025_3.0.webp,,,,,,,,,,,
nan-light-slim-fit-stretch-suit-piece,Blue Nan Light Slim Fit Stretch Suit Piece,1,1,0,https://pub-5cd8c531c0034986bf6282a223bd0564.r2.dev/batch_1/batch_3/nan_light-blue-slim-fit-stretch-suit-2-piece-2025_2.0.jpg,,,,,,,,,,,
nan-light-tuxedo-with-matching-bowtie,Gold Nan Light Tuxedo With Matching Bowtie,2,2,0,https://pub-5cd8c531c0034986bf6282a223bd0564.r2.dev/tie_clean_batch_01/nan_light-orange-tuxedo-with-matching-bowtie_1.0.jpg,https://pub-5cd8c531c0034986bf6282a223bd0564.r2.dev/tie_clean_batch_01/tie_clean_batch_02/nan_light-gold-tuxedo-with-matching-bowtie_2.0.jpg,,,,,,,,,,
nan-light-three-piece-suit-modern-elegance-for,Blue Nan Light Three Piece Suit Modern Elegance For,1,1,0,https://pub-5cd8c531c0034986bf6282a223bd0564.r2.dev/batch_1/nan_light-blue-three-piece-suit-modern-elegance-for-2025_3.0.jpg,,,,,,,,,,,
nan-light-three-piece-slim-fit-suit,Blue Nan Light Three Piece Slim Fit Suit,1,1,0,https://pub-5cd8c531c0034986bf6282a223bd0564.r2.dev/batch_1/batch_3/nan_light-blue-three-piece-slim-fit-suit-2025_2.0.jpg,,,,,,,,,,,
nan-long-coat,Black Nan Long Coat,1,1,0,https://pub-5cd8c531c0034986bf6282a223bd0564.r2.dev/batch_1/nan_black-long-coat_5.0.jpg,,,,,,,,,,,
nan-luxurious-and-paisley-three-piece-tuxedo-with-satin-lapel-a-distinguished-pick-for-prom-and-wedding-seasons,Hunter Green Black Nan Luxurious And Paisley Three Piece Tuxedo With Satin Lapel A Distinguished Pick For Prom And Wedding Seasons,1,1,0,https://pub-5cd8c531c0034986bf6282a223bd0564.r2.dev/batch_1/batch_2/nan_luxurious-hunter-green-and-black-paisley-three-piece-tuxedo-with-satin-lapel-a-distinguished-pick-for-2024-prom-and-wedding-seasons_3.0.jpg,,,,,,,,,,,
nan-men-s-sequin-lapel-three-piece-prom-tuxedo-bold-elegance-meets-modern-glamour,Burgundy Nan Men S Sequin Lapel Three Piece Prom Tuxedo Bold Elegance Meets Modern Glamour,1,1,0,https://pub-5cd8c531c0034986bf6282a223bd0564.r2.dev/batch_1/nan_men-s-burgundy-sequin-lapel-three-piece-prom-tuxedo-bold-elegance-meets-modern-glamour_2.0.jpg,,,,,,,,,,,
nan-men-s-sequin-lapel-three-piece-prom-tuxedo-perfect-for-prom,Nan Men S Sequin Lapel Three Piece Prom Tuxedo Perfect For Prom,1,1,0,https://pub-5cd8c531c0034986bf6282a223bd0564.r2.dev/batch_1/batch_4/nan_men-s-sequin-lapel-three-piece-prom-tuxedo-perfect-for-prom-2025_20.0.jpg,,,,,,,,,,,
nan-mens-classic-two-piece-tuxedo-with-satin-lapel,White Nan Mens Classic Two Piece Tuxedo With Satin Lapel,1,1,0,https://pub-5cd8c531c0034986bf6282a223bd0564.r2.dev/batch_1/batch_3/nan_mens-classic-white-two-piece-tuxedo-with-satin-lapel_2.0.jpg,,,,,,,,,,,
nan-mens-double-breasted-light-suit-modern-slim-fit,Grey Nan Mens Double Breasted Light Suit Modern Slim Fit,1,1,0,https://pub-5cd8c531c0034986bf6282a223bd0564.r2.dev/batch_1/nan_mens-double-breasted-light-grey-suit-modern-slim-fit_3.0.jpg,,,,,,,,,,,
nan-mens-classic-tuxedo-with-satin-shawl-lapel,Black Nan Mens Classic Tuxedo With Satin Shawl Lapel,1,1,0,https://pub-5cd8c531c0034986bf6282a223bd0564.r2.dev/batch_1/nan_mens-classic-black-tuxedo-with-satin-shawl-lapel_2.0.jpg,,,,,,,,,,,
nan-mens-double-breasted-suit-modern-slim-fit,Ivory White Nan Mens Double Breasted Suit Modern Slim Fit,3,3,0,https://pub-5cd8c531c0034986bf6282a223bd0564.r2.dev/batch_1/batch_2/nan_mens-double-breasted-royal-blue-suit-modern-slim-fit_5.0.jpg,https://pub-5cd8c531c0034986bf6282a223bd0564.r2.dev/batch_1/batch_4/nan_mens-double-breasted-beige-suit-modern-slim-fit_4.0.jpg,https://pub-5cd8c531c0034986bf6282a223bd0564.r2.dev/batch_1/batch_4/nan_mens-double-breasted-ivory-white-suit-modern-slim-fit_4.0.jpg,,,,,,,,,
nan-mens-classic-slim-fit-three-piece-tuxedo-with-satin-lapel,Black Nan Mens Classic Slim Fit Three Piece Tuxedo With Satin Lapel,1,1,0,https://pub-5cd8c531c0034986bf6282a223bd0564.r2.dev/batch_1/batch_4/nan_mens-classic-slim-fit-black-three-piece-tuxedo-with-satin-lapel_2.0.jpg,,,,,,,,,,,
nan-mens-double-breasted-tuxedo-with-satin-shawl-lapel,Black Nan Mens Double Breasted Tuxedo With Satin Shawl Lapel,1,1,0,https://pub-5cd8c531c0034986bf6282a223bd0564.r2.dev/batch_1/batch_4/nan_mens-double-breasted-black-tuxedo-with-satin-shawl-lapel_3.0.jpg,,,,,,,,,,,
nan-mens-dusty-tuxedo-slim-fit-satin-lapel-suit,Rose Nan Mens Dusty Tuxedo Slim Fit Satin Lapel Suit,1,1,0,https://pub-5cd8c531c0034986bf6282a223bd0564.r2.dev/batch_1/batch_3/nan_mens-dusty-rose-tuxedo-slim-fit-satin-lapel-suit_3.0.jpg,,,,,,,,,,,
nan-mens-light-paisley-tuxedo-slim-fit-piece-set,Pink Nan Mens Light Paisley Tuxedo Slim Fit Piece Set,2,2,0,https://pub-5cd8c531c0034986bf6282a223bd0564.r2.dev/batch_1/batch_4/nan_mens-light-blue-paisley-tuxedo-slim-fit-3-piece-set_3.0.jpg,https://pub-5cd8c531c0034986bf6282a223bd0564.r2.dev/batch_1/nan_mens-light-pink-paisley-tuxedo-slim-fit-3-piece-set_3.0.jpg,,,,,,,,,,
nan-mens-paisley-tuxedo-slim-fit-piece-set,White Nan Mens Paisley Tuxedo Slim Fit Piece Set,4,4,0,https://pub-5cd8c531c0034986bf6282a223bd0564.r2.dev/batch_1/batch_2/nan_mens-black-paisley-tuxedo-slim-fit-3-piece-set_4.0.jpg,https://pub-5cd8c531c0034986bf6282a223bd0564.r2.dev/batch_1/batch_4/nan_mens-royal-blue-paisley-tuxedo-slim-fit-3-piece-set_2.0.jpg,https://pub-5cd8c531c0034986bf6282a223bd0564.r2.dev/batch_1/nan_mens-red-paisley-tuxedo-slim-fit-3-piece-set_3.0.jpg,https://pub-5cd8c531c0034986bf6282a223bd0564.r2.dev/batch_1/nan_mens-white-paisley-tuxedo-slim-fit-3-piece-set_3.0.jpg,,,,,,,,
nan-mens-light-tuxedo-slim-fit-satin-lapel-suit,Gold Nan Mens Light Tuxedo Slim Fit Satin Lapel Suit,1,1,0,https://pub-5cd8c531c0034986bf6282a223bd0564.r2.dev/batch_1/batch_3/nan_mens-light-gold-tuxedo-slim-fit-satin-lapel-suit_3.0.jpg,,,,,,,,,,,
nan-mens-slim-fit-bold-three-piece-suit,Red Nan Mens Slim Fit Bold Three Piece Suit,1,1,0,https://pub-5cd8c531c0034986bf6282a223bd0564.r2.dev/batch_1/batch_3/nan_mens-slim-fit-bold-red-three-piece-suit_3.0.png,,,,,,,,,,,
nan-mens-slim-fit-emerald-tuxedo-with-satin-lapel,Green Nan Mens Slim Fit Emerald Tuxedo With Satin Lapel,1,1,0,https://pub-5cd8c531c0034986bf6282a223bd0564.r2.dev/batch_1/nan_mens-slim-fit-emerald-green-tuxedo-with-satin-lapel_3.0.jpg,,,,,,,,,,,
nan-mens-slim-fit-light-tuxedo-with-satin-lapel,Grey Nan Mens Slim Fit Light Tuxedo With Satin Lapel,1,1,0,https://pub-5cd8c531c0034986bf6282a223bd0564.r2.dev/batch_1/batch_4/nan_mens-slim-fit-light-grey-tuxedo-with-satin-lapel_2.0.jpg,,,,,,,,,,,
nan-mens-slim-fit-three-piece-suit,Ivory White Nan Mens Slim Fit Three Piece Suit,5,5,0,https://pub-5cd8c531c0034986bf6282a223bd0564.r2.dev/batch_1/batch_2/nan_mens-slim-fit-black-three-piece-suit_2.0.jpg,https://pub-5cd8c531c0034986bf6282a223bd0564.r2.dev/batch_1/batch_2/nan_mens-slim-fit-royal-blue-three-piece-suit_3.0.png,https://pub-5cd8c531c0034986bf6282a223bd0564.r2.dev/batch_1/batch_4/nan_mens-slim-fit-burgundy-three-piece-suit_2.0.png,https://pub-5cd8c531c0034986bf6282a223bd0564.r2.dev/batch_1/nan_mens-slim-fit-charcoal-grey-three-piece-suit_2.0.jpg,https://pub-5cd8c531c0034986bf6282a223bd0564.r2.dev/batch_1/nan_mens-slim-fit-ivory-white-three-piece-suit_2.0.png,,,,,,,
nan-mens-slim-fit-tuxedo-with-satin-lapel,Navy Blue Black Nan Mens Slim Fit Tuxedo With Satin Lapel,1,1,0,https://pub-5cd8c531c0034986bf6282a223bd0564.r2.dev/batch_1/batch_4/nan_mens-slim-fit-navy-blue-tuxedo-with-black-satin-lapel_3.0.jpg,,,,,,,,,,,
nan-mens-slim-fit-tuxedo-with-satin-shawl-lapel,Royal Blue Nan Mens Slim Fit Tuxedo With Satin Shawl Lapel,5,5,0,https://pub-5cd8c531c0034986bf6282a223bd0564.r2.dev/batch_1/batch_3/nan_mens-slim-fit-black-tuxedo-with-satin-shawl-lapel_2.0.jpg,https://pub-5cd8c531c0034986bf6282a223bd0564.r2.dev/batch_1/batch_4/nan_mens-slim-fit-beige-tuxedo-with-black-satin-shawl-lapel_2.0.jpg,https://pub-5cd8c531c0034986bf6282a223bd0564.r2.dev/batch_1/batch_4/nan_mens-slim-fit-red-tuxedo-with-black-satin-shawl-lapel_2.0.jpg,https://pub-5cd8c531c0034986bf6282a223bd0564.r2.dev/batch_1/batch_4/nan_mens-slim-fit-white-tuxedo-with-black-satin-shawl-lapel_2.0.jpg,https://pub-5cd8c531c0034986bf6282a223bd0564.r2.dev/batch_1/nan_mens-slim-fit-royal-blue-tuxedo-with-satin-shawl-lapel_2.0.jpg,,,,,,,
nan-mens-slim-fit-two-piece-suit-modern-formalwear,White Nan Mens Slim Fit Two Piece Suit Modern Formalwear,1,1,0,https://pub-5cd8c531c0034986bf6282a223bd0564.r2.dev/batch_1/batch_2/nan_mens-slim-fit-white-two-piece-suit-modern-formalwear_2.0.jpg,,,,,,,,,,,
nan-mens-slim-fit-tweed-three-piece-suit,Brown Nan Mens Slim Fit Tweed Three Piece Suit,1,1,0,https://pub-5cd8c531c0034986bf6282a223bd0564.r2.dev/batch_1/nan_mens-slim-fit-brown-tweed-three-piece-suit_3.0.png,,,,,,,,,,,
nan-mens-slim-fit-two-piece-suit-with-vest,Royal Blue Nan Mens Slim Fit Two Piece Suit With Vest,1,1,0,https://pub-5cd8c531c0034986bf6282a223bd0564.r2.dev/batch_1/batch_3/nan_mens-slim-fit-royal-blue-two-piece-suit-with-vest_3.0.jpg,,,,,,,,,,,
nan-mens-slim-fit-two-tone-tuxedo-with-satin-lapel,Grey Nan Mens Slim Fit Two Tone Tuxedo With Satin Lapel,1,1,0,https://pub-5cd8c531c0034986bf6282a223bd0564.r2.dev/batch_1/nan_mens-slim-fit-two-tone-grey-tuxedo-with-satin-lapel_3.0.jpg,,,,,,,,,,,
nan-mens-tuxedo-slim-fit-satin-lapel-suit,Teal Nan Mens Tuxedo Slim Fit Satin Lapel Suit,2,2,0,https://pub-5cd8c531c0034986bf6282a223bd0564.r2.dev/batch_1/batch_2/nan_mens-champagne-tuxedo-slim-fit-satin-lapel-suit_3.0.jpg,https://pub-5cd8c531c0034986bf6282a223bd0564.r2.dev/batch_1/batch_2/nan_mens-teal-tuxedo-slim-fit-satin-lapel-suit_3.0.jpg,,,,,,,,,,
nan-mens-tuxedo-with-shawl-lapel-three-piece-formal-suit,White Black Nan Mens Tuxedo With Shawl Lapel Three Piece Formal Suit,1,1,0,https://pub-5cd8c531c0034986bf6282a223bd0564.r2.dev/batch_1/nan_mens-white-tuxedo-with-black-shawl-lapel-three-piece-formal-suit_2.0.png,,,,,,,,,,,
nan-of-turtleneck,White Nan OF Turtleneck,1,1,0,https://pub-5cd8c531c0034986bf6282a223bd0564.r2.dev/batch_1/batch_4/nan_copy-of-white-turtleneck_2.0.jpg,,,,,,,,,,,
nan-of-slim-suit-three-piece,Black Nan OF Slim Suit Three Piece,1,1,0,https://pub-5cd8c531c0034986bf6282a223bd0564.r2.dev/batch_1/nan_copy-of-slim-black-suit-three-piece_2.0.jpg,,,,,,,,,,,
nan-of-slim-tuxedo,Black Nan OF Slim Tuxedo,1,1,0,https://pub-5cd8c531c0034986bf6282a223bd0564.r2.dev/batch_1/batch_2/nan_copy-of-slim-black-tuxedo_2.0.jpg,,,,,,,,,,,
nan-patent-leather-velvet-loafers-the-ultimate-formal-shoe-for,Black Nan Patent Leather Velvet Loafers The Ultimate Formal Shoe For,1,1,0,https://pub-5cd8c531c0034986bf6282a223bd0564.r2.dev/batch_1/batch_2/nan_black-patent-leather-velvet-loafers-the-ultimate-formal-shoe-for-2025_4.0.jpg,,,,,,,,,,,
nan-premium-pinstripe-double-breasted-suit-tailored-elegance,Burgundy Nan Premium Pinstripe Double Breasted Suit Tailored Elegance,1,1,0,https://pub-5cd8c531c0034986bf6282a223bd0564.r2.dev/batch_1/batch_4/nan_premium-burgundy-pinstripe-double-breasted-suit-tailored-elegance_2.0.jpg,,,,,,,,,,,
nan-refined-and-circle-tuxedo-a-trendy-selection-for-prom-and-wedding-seasons,Ivory Gold Nan Refined And Circle Tuxedo A Trendy Selection For Prom And Wedding Seasons,1,1,0,https://pub-5cd8c531c0034986bf6282a223bd0564.r2.dev/batch_1/batch_2/nan_refined-ivory-and-gold-circle-tuxedo-a-trendy-selection-for-2024-prom-and-wedding-seasons_2.0.jpg,,,,,,,,,,,
nan-radiant-and-design-tuxedo-a-perfect-and-elegant-choice-for-prom-and-wedding-seasons,Gold Pink Nan Radiant And Design Tuxedo A Perfect And Elegant Choice For Prom And Wedding Seasons,1,1,0,https://pub-5cd8c531c0034986bf6282a223bd0564.r2.dev/batch_1/batch_2/nan_radiant-gold-and-pink-design-tuxedo-a-perfect-and-elegant-choice-for-prom-and-wedding-seasons_2.0.jpg,,,,,,,,,,,
nan-refreshing-design-three-piece-tuxedo-with-satin-lapel-a-stylish-statement-for-prom-and-wedding-seasons,Mint Nan Refreshing Design Three Piece Tuxedo With Satin Lapel A Stylish Statement For Prom And Wedding Seasons,1,1,0,https://pub-5cd8c531c0034986bf6282a223bd0564.r2.dev/batch_1/nan_refreshing-mint-design-three-piece-tuxedo-with-satin-lapel-a-stylish-statement-for-2024-prom-and-wedding-seasons_2.0.jpg,,,,,,,,,,,
nan-regal-and-paisley-tuxedo-a-luxurious-choice-for-prom-and-wedding-seasons,Ivory Gold Nan Regal And Paisley Tuxedo A Luxurious Choice For Prom And Wedding Seasons,1,1,0,https://pub-5cd8c531c0034986bf6282a223bd0564.r2.dev/batch_1/batch_3/nan_regal-ivory-and-gold-paisley-tuxedo-a-luxurious-choice-for-prom-and-wedding-seasons_3.0.jpg,,,,,,,,,,,
nan-ruby-velvet-with-details,Red Gold Nan Ruby Velvet With Details,1,1,0,https://pub-5cd8c531c0034986bf6282a223bd0564.r2.dev/batch_1/nan_ruby-red-velvet-with-gold-details_2.0.jpg,,,,,,,,,,,
nan-sand-tuxedo-suit-by-kct-menswear-a-portrait-of-classic-elegancee-piece-tuxedo-a-striking-choice-for-prom-and-wedding-seasons,Nan Sand Tuxedo Suit BY Kct Menswear A Portrait OF Classic Elegancee Piece Tuxedo A Striking Choice For Prom And Wedding Seasons,1,1,0,https://pub-5cd8c531c0034986bf6282a223bd0564.r2.dev/batch_1/batch_3/nan_sand-tuxedo-suit-by-kct-menswear-a-portrait-of-classic-elegancee-piece-tuxedo-a-striking-choice-for-2024-prom-and-wedding-seasons_2.0.webp,,,,,,,,,,,
nan-sequin-lapel-three-piece-prom-tuxedo,Gold Nan Sequin Lapel Three Piece Prom Tuxedo,5,5,0,https://pub-5cd8c531c0034986bf6282a223bd0564.r2.dev/batch_1/batch_2/nan_black-sequin-lapel-three-piece-prom-tuxedo_2.0.jpg,https://pub-5cd8c531c0034986bf6282a223bd0564.r2.dev/batch_1/batch_2/nan_lavender-sequin-lapel-three-piece-prom-tuxedo_2.0.jpg,https://pub-5cd8c531c0034986bf6282a223bd0564.r2.dev/batch_1/batch_3/nan_red-sequin-lapel-three-piece-prom-tuxedo_2.0.jpg,https://pub-5cd8c531c0034986bf6282a223bd0564.r2.dev/batch_1/batch_3/nan_royal-blue-sequin-lapel-three-piece-prom-tuxedo_2.0.jpg,https://pub-5cd8c531c0034986bf6282a223bd0564.r2.dev/batch_1/batch_4/nan_gold-sequin-lapel-three-piece-prom-tuxedo_2.0.jpg,,,,,,,
nan-sequin-lapel-three-piece-prom-tuxedo-sophisticated-glamour-meets-modern-elegance,Rose Gold Nan Sequin Lapel Three Piece Prom Tuxedo Sophisticated Glamour Meets Modern Elegance,1,1,0,https://pub-5cd8c531c0034986bf6282a223bd0564.r2.dev/batch_1/nan_rose-gold-sequin-lapel-three-piece-prom-tuxedo-sophisticated-glamour-meets-modern-elegance_2.0.jpg,,,,,,,,,,,
nan-sherpa-max-ultimate-cozy-jacket,Tan Nan Sherpa Max Ultimate Cozy Jacket,3,3,0,https://pub-5cd8c531c0034986bf6282a223bd0564.r2.dev/batch_1/batch_2/nan_sherpa-max-ultimate-cozy-jacket_2.0.jpg,https://pub-5cd8c531c0034986bf6282a223bd0564.r2.dev/batch_1/batch_3/nan_green-sherpa-max-ultimate-cozy-jacket_2.0.jpg,https://pub-5cd8c531c0034986bf6282a223bd0564.r2.dev/batch_1/batch_3/nan_tan-sherpa-max-ultimate-cozy-jacket_2.0.jpg,,,,,,,,,
nan-sequin-lapel-three-piece-prom-tuxedo-timeless-elegance-with-a-modern-twist,White Nan Sequin Lapel Three Piece Prom Tuxedo Timeless Elegance With A Modern Twist,1,1,0,https://pub-5cd8c531c0034986bf6282a223bd0564.r2.dev/batch_1/nan_white-sequin-lapel-three-piece-prom-tuxedo-timeless-elegance-with-a-modern-twist_2.0.jpg,,,,,,,,,,,
nan-sherpa-puffer,Black Nan Sherpa Puffer,1,1,0,https://pub-5cd8c531c0034986bf6282a223bd0564.r2.dev/batch_1/batch_3/nan_black-sherpa-puffer_2.0.jpg,,,,,,,,,,,
nan-sly-tuxedo-with-matching-bowtie,Blue Nan Sly Tuxedo With Matching Bowtie,1,1,0,https://pub-5cd8c531c0034986bf6282a223bd0564.r2.dev/tie_clean_batch_01/tie_clean_batch_02/nan_sly-blue-tuxedo-with-matching-bowtie_1.0.jpg,,,,,,,,,,,
nan-slate-trimmed-tuxedo-modern-elegance-for,Blue Nan Slate Trimmed Tuxedo Modern Elegance For,1,1,0,https://pub-5cd8c531c0034986bf6282a223bd0564.r2.dev/batch_1/batch_2/nan_slate-blue-trimmed-tuxedo-modern-elegance-for-2025_2.0.jpg,,,,,,,,,,,
nan-sleek-three-piece-tuxedo-with-velvet-lapel-a-chic-choice-for-prom-and-wedding-seasons,White Black Nan Sleek Three Piece Tuxedo With Velvet Lapel A Chic Choice For Prom And Wedding Seasons,1,1,0,https://pub-5cd8c531c0034986bf6282a223bd0564.r2.dev/batch_1/batch_4/nan_sleek-white-three-piece-tuxedo-with-black-velvet-lapel-a-chic-choice-for-2024-prom-and-wedding-seasons_3.0.jpg,,,,,,,,,,,
nan-sophisticated-emerald-three-piece-suit-with-velvet-lapel-a-distinguished-choice-for-prom-and-wedding-seasons,Green Nan Sophisticated Emerald Three Piece Suit With Velvet Lapel A Distinguished Choice For Prom And Wedding Seasons,1,1,0,https://pub-5cd8c531c0034986bf6282a223bd0564.r2.dev/batch_1/batch_3/nan_sophisticated-emerald-green-three-piece-suit-with-velvet-lapel-a-distinguished-choice-for-2024-prom-and-wedding-seasons_3.0.webp,,,,,,,,,,,
nan-sophisticated-paisley-tuxedo-with-satin-accents-ideal-for-prom-wedding-elegance,Black Nan Sophisticated Paisley Tuxedo With Satin Accents Ideal For Prom Wedding Elegance,1,1,0,https://pub-5cd8c531c0034986bf6282a223bd0564.r2.dev/batch_1/nan_sophisticated-black-paisley-tuxedo-with-satin-accents-ideal-for-prom-wedding-elegance_2.0.jpg,,,,,,,,,,,
nan-sophisticated-three-piece-tuxedo-with-velvet-lapel-a-classy-selection-for-prom-and-wedding-seasons,Navy Nan Sophisticated Three Piece Tuxedo With Velvet Lapel A Classy Selection For Prom And Wedding Seasons,1,1,0,https://pub-5cd8c531c0034986bf6282a223bd0564.r2.dev/batch_1/batch_3/nan_sophisticated-navy-three-piece-tuxedo-with-velvet-lapel-a-classy-selection-for-2024-prom-and-wedding-seasons_3.0.webp,,,,,,,,,,,
nan-sophisticated-jet-flower-tuxedo-a-timeless-choice-for-prom-and-wedding-seasons,Black Nan Sophisticated Jet Flower Tuxedo A Timeless Choice For Prom And Wedding Seasons,1,1,0,https://pub-5cd8c531c0034986bf6282a223bd0564.r2.dev/batch_1/batch_2/nan_sophisticated-jet-black-flower-tuxedo-a-timeless-choice-for-prom-and-wedding-seasons_3.0.jpg,,,,,,,,,,,
nan-sparkle-vest-and-bowtie,Silver Nan Sparkle Vest And Bowtie,9,9,0,https://pub-5cd8c531c0034986bf6282a223bd0564.r2.dev/batch_1/batch_2/nan_royal-blue-sparkle-vest-and-bowtie_2.0.jpg,https://pub-5cd8c531c0034986bf6282a223bd0564.r2.dev/batch_1/nan_sparkle-vest-and-bowtie_2.0.jpg,https://pub-5cd8c531c0034986bf6282a223bd0564.r2.dev/tie_clean_batch_01/nan_grey-sparkle-vest-and-bowtie_1.0.jpg,https://pub-5cd8c531c0034986bf6282a223bd0564.r2.dev/tie_clean_batch_01/tie_clean_batch_02/nan_sparkle-vest-and-bowtie_2.0.jpg,https://pub-5cd8c531c0034986bf6282a223bd0564.r2.dev/tie_clean_batch_01/tie_clean_batch_03/nan_ivory-sparkle-vest-and-bowtie_1.0.jpg,https://pub-5cd8c531c0034986bf6282a223bd0564.r2.dev/tie_clean_batch_01/tie_clean_batch_04/nan_gold-sparkle-vest-and-bowtie_1.0.jpg,https://pub-5cd8c531c0034986bf6282a223bd0564.r2.dev/tie_clean_batch_01/tie_clean_batch_04/nan_navy-sparkle-vest-and-bowtie_1.0.jpg,https://pub-5cd8c531c0034986bf6282a223bd0564.r2.dev/tie_clean_batch_01/tie_clean_batch_04/nan_purple-sparkle-vest-and-bowtie_1.0.jpg,https://pub-5cd8c531c0034986bf6282a223bd0564.r2.dev/tie_clean_batch_01/tie_clean_batch_04/nan_silver-sparkle-vest-and-bowtie_1.0.jpg,,,
nan-stretch-suit-travelers-suit,Black Nan Stretch Suit Travelers Suit,2,2,0,https://pub-5cd8c531c0034986bf6282a223bd0564.r2.dev/batch_1/batch_2/nan_royal-blue-stretch-suit-travelers-suit_3.0.jpg,https://pub-5cd8c531c0034986bf6282a223bd0564.r2.dev/batch_1/batch_3/nan_black-stretch-suit-travelers-suit_2.0.jpg,,,,,,,,,,
nan-stunning-sparkle-and-design-three-piece-tuxedo-a-mesmerizing-choice-for-prom-and-wedding-seasons,Silver Blue Nan Stunning Sparkle And Design Three Piece Tuxedo A Mesmerizing Choice For Prom And Wedding Seasons,1,1,0,https://pub-5cd8c531c0034986bf6282a223bd0564.r2.dev/batch_1/nan_stunning-sparkle-silver-and-blue-design-three-piece-tuxedo-a-mesmerizing-choice-for-2024-prom-and-wedding-seasons_2.0.jpg,,,,,,,,,,,
nan-stunning-golden-tuxedo-with-trim-a-glamorous-choice-for-prom-and-wedding-seasons,Yellow Gold Nan Stunning Golden Tuxedo With Trim A Glamorous Choice For Prom And Wedding Seasons,1,1,0,https://pub-5cd8c531c0034986bf6282a223bd0564.r2.dev/batch_1/batch_4/nan_stunning-golden-yellow-tuxedo-with-gold-trim-a-glamorous-choice-for-prom-and-wedding-seasons_2.0.jpg,,,,,,,,,,,
nan-suit-with-vest,Red Nan Suit With Vest,2,2,0,https://pub-5cd8c531c0034986bf6282a223bd0564.r2.dev/batch_1/batch_4/nan_black-suit-with-vest_2.0.jpg,https://pub-5cd8c531c0034986bf6282a223bd0564.r2.dev/batch_1/batch_4/nan_red-suit-with-vest_2.0.jpg,,,,,,,,,,
nan-three-piece-tux,Black Nan Three Piece Tux,1,1,0,https://pub-5cd8c531c0034986bf6282a223bd0564.r2.dev/batch_1/batch_4/nan_black-three-piece-tux_2.0.jpg,,,,,,,,,,,
nan-three-piece-wedding-tux,Black Nan Three Piece Wedding Tux,1,1,0,https://pub-5cd8c531c0034986bf6282a223bd0564.r2.dev/batch_1/nan_black-three-piece-wedding-tux_3.0.jpg,,,,,,,,,,,
nan-velvet-prom-loafers,Nan Velvet Prom Loafers,1,1,0,https://pub-5cd8c531c0034986bf6282a223bd0564.r2.dev/batch_1/batch_3/nan_velvet-prom-loafers-2025_2.0.jpg,,,,,,,,,,,
nan-vintage-pinstripe-double-breasted-suit-refined-elegance,Rose Nan Vintage Pinstripe Double Breasted Suit Refined Elegance,1,1,0,https://pub-5cd8c531c0034986bf6282a223bd0564.r2.dev/batch_1/batch_3/nan_vintage-rose-pinstripe-double-breasted-suit-refined-elegance_2.0.jpg,,,,,,,,,,,
shirt-dress-shirt,Black Shirt Dress Shirt,1,1,0,https://pub-5cd8c531c0034986bf6282a223bd0564.r2.dev/batch_1/batch_3/shirt_black-dress-shirt_1.0.png,,,,,,,,,,,
spiked-shoe-velvet-prom-spikes,Black Spiked Shoe Velvet Prom Spikes,1,1,0,https://pub-5cd8c531c0034986bf6282a223bd0564.r2.dev/batch_1/batch_4/spiked-shoe_black-velvet-prom-spikes_1.0.jpg,,,,,,,,,,,
spike-shoe-on-prom-spikes,Black Black Spike Shoe ON Prom Spikes,1,1,0,https://pub-5cd8c531c0034986bf6282a223bd0564.r2.dev/batch_1/batch_3/spike-shoe_black-on-black-prom-spikes_1.0.jpg,,,,,,,,,,,
suit-mens-pinstripe-double-breasted-suit-with-notched-lapel-and-six-button-closure,Grey Suit Mens Pinstripe Double Breasted Suit With Notched Lapel And Six Button Closure,1,1,0,https://pub-5cd8c531c0034986bf6282a223bd0564.r2.dev/batch_1/batch_4/suit_mens-grey-pinstripe-double-breasted-suit-with-notched-lapel-and-six-button-closure_1.0.jpg,,,,,,,,,,,
sweater-cardigan,Red Sweater Cardigan,1,1,0,https://pub-5cd8c531c0034986bf6282a223bd0564.r2.dev/batch_1/batch_3/sweater_red-cardigan_1.0.jpg,,,,,,,,,,,
suit-slate-velvet-suit-luxury-elegance-for,Blue Suit Slate Velvet Suit Luxury Elegance For,1,1,0,https://pub-5cd8c531c0034986bf6282a223bd0564.r2.dev/batch_1/suit_slate-blue-velvet-suit-luxury-elegance-for-2025_1.0.jpg,,,,,,,,,,,
suspender-suspenders,Red Suspender Suspenders,3,3,0,https://pub-5cd8c531c0034986bf6282a223bd0564.r2.dev/batch_1/batch_2/suspender_royal-blue-suspenders_1.0.jpg,https://pub-5cd8c531c0034986bf6282a223bd0564.r2.dev/batch_1/batch_3/suspender_black-suspenders_1.0.jpg,https://pub-5cd8c531c0034986bf6282a223bd0564.r2.dev/batch_1/batch_3/suspender_red-suspenders_1.0.jpg,,,,,,,,,
turtleneck-slim-turtle-neck,Turtleneck Slim Turtle Neck,1,1,0,https://pub-5cd8c531c0034986bf6282a223bd0564.r2.dev/batch_1/batch_3/turtleneck_slim-turtle-neck_1.0.jpg,,,,,,,,,,,
turtleneck-cardigan,Black Turtleneck Cardigan,1,1,0,https://pub-5cd8c531c0034986bf6282a223bd0564.r2.dev/batch_1/batch_4/turtleneck_black-cardigan_1.0.jpg,,,,,,,,,,,
turtleneck-turtleneck-with-design,Red Black Turtleneck Turtleneck With Design,3,3,0,https://pub-5cd8c531c0034986bf6282a223bd0564.r2.dev/batch_1/batch_3/turtleneck_royal-turtleneck-with-black-design_1.0.jpg,https://pub-5cd8c531c0034986bf6282a223bd0564.r2.dev/batch_1/batch_3/turtleneck_white-turtleneck-with-black-design_1.0.jpg,https://pub-5cd8c531c0034986bf6282a223bd0564.r2.dev/batch_1/turtleneck_red-turtleneck-with-black-design_1.0.jpg,,,,,,,,,
turtleneck-turtleneck,Red Turtleneck Turtleneck,2,2,0,https://pub-5cd8c531c0034986bf6282a223bd0564.r2.dev/batch_1/turtleneck_black-turtleneck_1.0.jpg,https://pub-5cd8c531c0034986bf6282a223bd0564.r2.dev/batch_1/turtleneck_red-turtleneck_1.0.jpg,,,,,,,,,,
turtleneck-turtleneck-with-pattern,Tan Black Turtleneck Turtleneck With Pattern,2,2,0,https://pub-5cd8c531c0034986bf6282a223bd0564.r2.dev/batch_1/batch_2/turtleneck_black-turtleneck-with-white-pattern_1.0.jpg,https://pub-5cd8c531c0034986bf6282a223bd0564.r2.dev/batch_1/batch_4/turtleneck_tan-turtleneck-with-black-pattern_1.0.jpg,,,,,,,,,,
tuxedo-on-slim-tuxedo,Royal Royal Tuxedo ON Slim Tuxedo,1,1,0,https://pub-5cd8c531c0034986bf6282a223bd0564.r2.dev/batch_1/batch_4/tuxedo_royal-on-royal-slim-tuxedo_1.0.jpg,,,,,,,,,,,
tuxedo-on-tuxedo-with-vest,Black Black Tuxedo ON Tuxedo With Vest,1,1,0,https://pub-5cd8c531c0034986bf6282a223bd0564.r2.dev/batch_1/batch_2/tuxedo_black-on-black-tuxedo-with-vest_1.0.jpg,,,,,,,,,,,
tuxedo-vested-blush-tuxedo-jacket-kct-menswears-romantic-statement-piece,Tuxedo Vested Blush Tuxedo Jacket Kct Menswears Romantic Statement Piece,1,1,0,https://pub-5cd8c531c0034986bf6282a223bd0564.r2.dev/batch_1/batch_2/tuxedo-vested_blush-tuxedo-jacket-kct-menswears-romantic-statement-piece_1.0.webp,,,,,,,,,,,
tuxedo-vested-elegant-and-midnight-paisley-tuxedo-a-perfect-ensemble-for-prom-and-wedding-seasons,Navy Blue Tuxedo Vested Elegant And Midnight Paisley Tuxedo A Perfect Ensemble For Prom And Wedding Seasons,1,1,0,https://pub-5cd8c531c0034986bf6282a223bd0564.r2.dev/batch_1/tuxedo-vested_elegant-navy-and-midnight-blue-paisley-tuxedo-a-perfect-ensemble-for-2024-prom-and-wedding-seasons_1.0.jpg,,,,,,,,,,,
tuxedo-vested-elegant-blush-paisley-tuxedo-suit-with-satin-accents-perfect-for-prom-wedding-seasons,Pink Tuxedo Vested Elegant Blush Paisley Tuxedo Suit With Satin Accents Perfect For Prom Wedding Seasons,1,1,0,https://pub-5cd8c531c0034986bf6282a223bd0564.r2.dev/batch_1/tuxedo-vested_elegant-blush-pink-paisley-tuxedo-suit-with-satin-accents-perfect-for-prom-wedding-seasons_1.0.jpg,,,,,,,,,,,
tuxedo-vested-elegant-paisley-three-piece-tuxedo-with-satin-lapel-a-refined-choice-for-prom-and-wedding-seasons,Navy Tuxedo Vested Elegant Paisley Three Piece Tuxedo With Satin Lapel A Refined Choice For Prom And Wedding Seasons,1,1,0,https://pub-5cd8c531c0034986bf6282a223bd0564.r2.dev/batch_1/batch_3/tuxedo-vested_elegant-navy-paisley-three-piece-tuxedo-with-satin-lapel-a-refined-choice-for-2024-prom-and-wedding-seasons_1.0.jpg,,,,,,,,,,,
tuxedo-vested-elegant-all-flower-tuxedo-a-dazzling-ensemble-for-prom-and-wedding-seasons,White Tuxedo Vested Elegant All Flower Tuxedo A Dazzling Ensemble For Prom And Wedding Seasons,1,1,0,https://pub-5cd8c531c0034986bf6282a223bd0564.r2.dev/batch_1/batch_2/tuxedo-vested_elegant-all-white-flower-tuxedo-a-dazzling-ensemble-for-2023-prom-and-wedding-seasons_1.0.jpg,,,,,,,,,,,
tuxedo-vested-elegant-powdered-tuxedo-a-chic-choice-for-prom-and-wedding-seasons,Blue Tuxedo Vested Elegant Powdered Tuxedo A Chic Choice For Prom And Wedding Seasons,1,1,0,https://pub-5cd8c531c0034986bf6282a223bd0564.r2.dev/batch_1/tuxedo-vested_elegant-powdered-blue-tuxedo-a-chic-choice-for-prom-and-wedding-seasons_1.0.jpg,,,,,,,,,,,
tuxedo-vested-elegant-paisley-three-piece-tuxedo-with-velvet-lapel-a-sophisticated-choice-for-prom-and-wedding-seasons,Black Tuxedo Vested Elegant Paisley Three Piece Tuxedo With Velvet Lapel A Sophisticated Choice For Prom And Wedding Seasons,1,1,0,https://pub-5cd8c531c0034986bf6282a223bd0564.r2.dev/batch_1/tuxedo-vested_elegant-black-paisley-three-piece-tuxedo-with-velvet-lapel-a-sophisticated-choice-for-2024-prom-and-wedding-seasons_1.0.jpg,,,,,,,,,,,
tuxedo-vested-exquisite-and-tuxedo-a-luxurious-ensemble-for-prom-and-wedding-seasons,Black Gold Tuxedo Vested Exquisite And Tuxedo A Luxurious Ensemble For Prom And Wedding Seasons,1,1,0,https://pub-5cd8c531c0034986bf6282a223bd0564.r2.dev/batch_1/tuxedo-vested_exquisite-black-and-gold-tuxedo-a-luxurious-ensemble-for-prom-and-wedding-seasons_1.0.jpg,,,,,,,,,,,
tuxedo-vested-exquisite-with-blush-flower-tuxedo-a-stunning-choice-for-prom-and-wedding-celebrations,Rose Gold Tuxedo Vested Exquisite With Blush Flower Tuxedo A Stunning Choice For Prom And Wedding Celebrations,1,1,0,https://pub-5cd8c531c0034986bf6282a223bd0564.r2.dev/batch_1/batch_4/tuxedo-vested_exquisite-rose-gold-with-blush-flower-tuxedo-a-stunning-choice-for-prom-and-wedding-celebrations_1.0.jpg,,,,,,,,,,,
tuxedo-vested-exquisite-design-three-piece-tuxedo-with-satin-lapel-a-trendsetting-choice-for-prom-and-wedding-seasons,Cream Tuxedo Vested Exquisite Design Three Piece Tuxedo With Satin Lapel A Trendsetting Choice For Prom And Wedding Seasons,1,1,0,https://pub-5cd8c531c0034986bf6282a223bd0564.r2.dev/batch_1/batch_4/tuxedo-vested_exquisite-cream-design-three-piece-tuxedo-with-satin-lapel-a-trendsetting-choice-for-2024-prom-and-wedding-seasons_1.0.jpg,,,,,,,,,,,
tuxedo-vested-kct-menswear-elegance-tuxedo-timeless-sophistication,Navy Tuxedo Vested Kct Menswear Elegance Tuxedo Timeless Sophistication,1,1,0,https://pub-5cd8c531c0034986bf6282a223bd0564.r2.dev/batch_1/batch_3/tuxedo-vested_kct-menswear-navy-elegance-tuxedo-timeless-sophistication_1.0.jpg,,,,,,,,,,,
tuxedo-vested-kct-menswear-classic-tuxedo-monochrome-majesty,Black White Tuxedo Vested Kct Menswear Classic Tuxedo Monochrome Majesty,1,1,0,https://pub-5cd8c531c0034986bf6282a223bd0564.r2.dev/batch_1/tuxedo-vested_kct-menswear-classic-black-white-tuxedo-monochrome-majesty_1.0.jpg,,,,,,,,,,,
tuxedo-vested-luxurious-all-satin-paisley-suit-a-distinguished-selection-for-prom-and-wedding-seasons,Gold Tuxedo Vested Luxurious All Satin Paisley Suit A Distinguished Selection For Prom And Wedding Seasons,1,1,0,https://pub-5cd8c531c0034986bf6282a223bd0564.r2.dev/batch_1/batch_2/tuxedo-vested_luxurious-all-gold-satin-paisley-suit-a-distinguished-selection-for-prom-and-wedding-seasons_1.0.jpg,,,,,,,,,,,
tuxedo-vested-luxurious-paisley-tuxedo-with-satin-highlights-perfect-for-prom-wedding-seasons,Ivory Tuxedo Vested Luxurious Paisley Tuxedo With Satin Highlights Perfect For Prom Wedding Seasons,1,1,0,https://pub-5cd8c531c0034986bf6282a223bd0564.r2.dev/batch_1/batch_4/tuxedo-vested_luxurious-ivory-paisley-tuxedo-with-satin-highlights-perfect-for-prom-wedding-seasons_1.0.jpg,,,,,,,,,,,
tuxedo-vested-timeless-classic-tuxedo-kct-menswears-staple-of-elegance,Black Tuxedo Vested Timeless Classic Tuxedo Kct Menswears Staple OF Elegance,1,1,0,https://pub-5cd8c531c0034986bf6282a223bd0564.r2.dev/batch_1/tuxedo-vested_timeless-classic-black-tuxedo-kct-menswears-staple-of-elegance_1.0.jpg,,,,,,,,,,,
tuxedo-vested-striking-burnt-tuxedo-the-ultimate-choice-for-prom-and-wedding-seasons,Orange Tuxedo Vested Striking Burnt Tuxedo The Ultimate Choice For Prom And Wedding Seasons,1,1,0,https://pub-5cd8c531c0034986bf6282a223bd0564.r2.dev/batch_1/batch_2/tuxedo-vested_striking-burnt-orange-tuxedo-the-ultimate-choice-for-2024-prom-and-wedding-seasons_1.0.jpg,,,,,,,,,,,
tuxedo-vested-rust-tuxedo-jacket-embrace-autumn-elegance-with-kct-menswear,Tuxedo Vested Rust Tuxedo Jacket Embrace Autumn Elegance With Kct Menswear,1,1,0,https://pub-5cd8c531c0034986bf6282a223bd0564.r2.dev/batch_1/batch_2/tuxedo-vested_rust-tuxedo-jacket-embrace-autumn-elegance-with-kct-menswear_1.0.webp,,,,,,,,,,,
tuxedo-vested-tuxedo-with-trim-modern-sophistication-kct,Ivory White Black Tuxedo Vested Tuxedo With Trim Modern Sophistication Kct,1,1,0,https://pub-5cd8c531c0034986bf6282a223bd0564.r2.dev/batch_1/batch_3/tuxedo-vested_ivory-white-tuxedo-with-black-trim-modern-sophistication-kct_1.0.jpg,,,,,,,,,,,
tuxedo-vested-tuxedo-jacket-kct-menswears-elegant-forest,Hunter Green Tuxedo Vested Tuxedo Jacket Kct Menswears Elegant Forest,1,1,0,https://pub-5cd8c531c0034986bf6282a223bd0564.r2.dev/batch_1/batch_3/tuxedo-vested_hunter-green-tuxedo-jacket-kct-menswears-elegant-forest_1.0.webp,,,,,,,,,,,
tuxedos-classic-prom-packages,Tuxedos Classic Prom Packages,1,1,0,https://pub-5cd8c531c0034986bf6282a223bd0564.r2.dev/batch_1/batch_2/tuxedos_classic-prom-packages_1.0.jpg,,,,,,,,,,,
tuxedo-vested-vivid-tuxedo-by-kct-menswear-dare-to-stand-out,Purple Tuxedo Vested Vivid Tuxedo BY Kct Menswear Dare TO Stand Out,1,1,0,https://pub-5cd8c531c0034986bf6282a223bd0564.r2.dev/batch_1/tuxedo-vested_vivid-purple-tuxedo-by-kct-menswear-dare-to-stand-out_1.0.jpg,,,,,,,,,,,
tuxedos-combo,Tuxedos Combo,5,5,0,https://pub-5cd8c531c0034986bf6282a223bd0564.r2.dev/batch_1/batch_2/tuxedos_new-combo-6_1.0.jpg,https://pub-5cd8c531c0034986bf6282a223bd0564.r2.dev/batch_1/batch_3/tuxedos_new-combo-3_1.0.jpg,https://pub-5cd8c531c0034986bf6282a223bd0564.r2.dev/batch_1/batch_4/tuxedos_new-combo-1_1.0.jpg,https://pub-5cd8c531c0034986bf6282a223bd0564.r2.dev/batch_1/tuxedos_new-combo-4_1.0.jpg,https://pub-5cd8c531c0034986bf6282a223bd0564.r2.dev/batch_1/tuxedos_new-combo-5_1.0.jpg,,,,,,,
tuxedos-mens-double-breasted-tuxedo-modern-fit-piece-suit,Navy Blue Tuxedos Mens Double Breasted Tuxedo Modern Fit Piece Suit,2,2,0,https://pub-5cd8c531c0034986bf6282a223bd0564.r2.dev/batch_1/batch_3/tuxedos_mens-black-double-breasted-tuxedo-modern-fit-2-piece-suit_1.0.jpg,https://pub-5cd8c531c0034986bf6282a223bd0564.r2.dev/batch_1/batch_3/tuxedos_mens-navy-blue-double-breasted-tuxedo-modern-fit-2-piece-suit_1.0.jpg,,,,,,,,,,
tuxedos-mens-tuxedo-slim-fit-satin-lapel-suit,Royal Purple Tuxedos Mens Tuxedo Slim Fit Satin Lapel Suit,1,1,0,https://pub-5cd8c531c0034986bf6282a223bd0564.r2.dev/batch_1/tuxedos_mens-royal-purple-tuxedo-slim-fit-satin-lapel-suit_1.0.jpg,,,,,,,,,,,
tuxedos-men-s-light-sequin-lapel-three-piece-prom-tuxedo-a-statement-in-sophistication,Blue Tuxedos Men S Light Sequin Lapel Three Piece Prom Tuxedo A Statement IN Sophistication,1,1,0,https://pub-5cd8c531c0034986bf6282a223bd0564.r2.dev/batch_1/batch_2/tuxedos_men-s-light-blue-sequin-lapel-three-piece-prom-tuxedo-a-statement-in-sophistication_1.0.jpg,,,,,,,,,,,
tuxedos-prom-packages,Red Tuxedos Prom Packages,1,1,0,https://pub-5cd8c531c0034986bf6282a223bd0564.r2.dev/batch_1/batch_4/tuxedos_red-prom-packages_1.0.jpg,,,,,,,,,,,
tuxedos-sequin-lapel-three-piece-prom-tuxedo-a-statement-in-elegance,Purple Royal Tuxedos Sequin Lapel Three Piece Prom Tuxedo A Statement IN Elegance,1,1,0,https://pub-5cd8c531c0034986bf6282a223bd0564.r2.dev/batch_1/tuxedos_purple-sequin-lapel-three-piece-prom-tuxedo-a-royal-statement-in-elegance_1.0.jpg,,,,,,,,,,,
vest-sparkle-vest-and-bowtie,Vest Sparkle Vest And Bowtie,1,1,0,https://pub-5cd8c531c0034986bf6282a223bd0564.r2.dev/tie_clean_batch_01/tie_clean_batch_02/vest_sparkle-vest-and-bowtie_1.0.jpg,,,,,,,,,,,
wedding-swatch-aqua-wedding-color,Wedding Swatch Aqua Wedding Color,1,1,0,https://pub-5cd8c531c0034986bf6282a223bd0564.r2.dev/batch_1/batch_3/wedding-swatch_aqua-wedding-color_1.0.png,,,,,,,,,,,
wedding-swatches-wedding-color,Purple Wedding Swatches Wedding Color,1,1,0,https://pub-5cd8c531c0034986bf6282a223bd0564.r2.dev/batch_1/batch_2/wedding-swatches_purple-wedding-color_1.0.png,,,,,,,,,,,